35042,45.23,Padova,11.66,Este,VENETO,ITALY
35043,45.23,Padova,11.75,Monselice,VENETO,ITALY
35044,45.23,Padova,11.45,Montagnana,VENETO,ITALY
35045,45.23,Padova,11.61,Ospedaletto Euganeo,VENETO,ITALY
35046,45.23,Padova,11.53,Saletto,VENETO,ITALY
35047,45.16,Padova,11.75,Solesino,VENETO,ITALY
35048,45.13,Padova,11.75,Stanghella,VENETO,ITALY
35100,45.41,Padova,11.86,Padova,VENETO,ITALY
35121,45.41,Padova,11.86,Padova,VENETO,ITALY
35122,45.41,Padova,11.86,Padova,VENETO,ITALY
35123,45.41,Padova,11.86,Padova,VENETO,ITALY
35124,45.35,Padova,11.89,SALBORO,VENETO,ITALY
35124,45.41,Padova,11.86,Padova,VENETO,ITALY
35125,45.67,Padova,11.35,GUIZZA,VENETO,ITALY
35125,45.41,Padova,11.86,Padova,VENETO,ITALY
35126,45.41,Padova,11.86,Padova,VENETO,ITALY
35127,45.41,Padova,11.86,Padova,VENETO,ITALY
35127,45.4,Padova,11.94,CAMIN,VENETO,ITALY
35128,45.41,Padova,11.86,Padova,VENETO,ITALY
35129,11.86,Padova,45.41,Mortise,VENETO,ITALY
35129,45.41,Padova,11.86,Padova,VENETO,ITALY
35131,45.41,Padova,11.86,Padova,VENETO,ITALY
35132,45.41,Padova,11.86,Padova,VENETO,ITALY
35133,45.41,Padova,11.86,Padova,VENETO,ITALY
35134,45.41,Padova,11.86,Padova,VENETO,ITALY
35135,45.41,Padova,11.86,Padova,VENETO,ITALY
35136,45.41,Padova,11.86,Padova,VENETO,ITALY
35137,45.41,Padova,11.86,Padova,VENETO,ITALY
35138,45.41,Padova,11.86,Padova,VENETO,ITALY
35138,11.86,Padova,45.41,Montà,VENETO,ITALY
35139,45.41,Padova,11.86,Padova,VENETO,ITALY
35141,45.41,Padova,11.86,Padova,VENETO,ITALY
35142,40.73,Padova,13.95,MANDRIA,VENETO,ITALY
35142,45.41,Padova,11.86,Padova,VENETO,ITALY
35143,45.41,Padova,11.86,Padova,VENETO,ITALY
35143,45.39,Padova,11.83,BRUSEGANA,VENETO,ITALY
36010,45.86,Vicenza,11.4,Rotzo,VENETO,ITALY
36010,45.78,Vicenza,11.26,Posina,VENETO,ITALY
36010,45.9,Vicenza,11.63,Foza,VENETO,ITALY
36010,45.78,Vicenza,11.36,Velo d'Astico,VENETO,ITALY
36010,45.6,Vicenza,11.58,Monticello Conte Otto,VENETO,ITALY
36010,45.78,Vicenza,11.41,Cogollo del Cengio,VENETO,ITALY
36010,45.75,Vicenza,11.45,Carrè,VENETO,ITALY
36010,45.88,Vicenza,11.46,Roana,VENETO,ITALY
36010,45.76,Vicenza,11.46,Chiuppano,VENETO,ITALY
36010,45.71,Vicenza,11.46,Zanè,VENETO,ITALY
36010,45.83,Vicenza,11.26,Laghi,VENETO,ITALY
36011,45.8,Vicenza,11.35,Arsiero,VENETO,ITALY
36012,45.86,Vicenza,11.51,Asiago,VENETO,ITALY
36013,45.76,Vicenza,11.43,Piovene Rocchette,VENETO,ITALY
36014,45.73,Vicenza,11.38,Santorso,VENETO,ITALY
36015,45.71,Vicenza,11.36,Schio,VENETO,ITALY
36016,45.7,Vicenza,11.48,Thiene,VENETO,ITALY
36020,45.36,Vicenza,11.58,Albettone,VENETO,ITALY
36020,45.33,Vicenza,11.58,Agugliaro,VENETO,ITALY
36020,45.3,Vicenza,11.45,Asigliano Veneto,VENETO,ITALY
36020,45.33,Vicenza,11.53,Campiglia dei Berici,VENETO,ITALY
36020,45.83,Vicenza,11.7,Campolongo sul Brenta,VENETO,ITALY
36020,45.45,Vicenza,11.58,Castegnero,VENETO,ITALY
36020,45.91,Vicenza,11.73,Cismon del Grappa,VENETO,ITALY
36020,45.81,Vicenza,11.71,Solagna,VENETO,ITALY
36020,45.86,Vicenza,11.66,Valstagna,VENETO,ITALY
36020,45.83,Vicenza,11.68,San Nazario,VENETO,ITALY
36020,45.8,Vicenza,11.73,Pove del Grappa,VENETO,ITALY
36020,45.43,Vicenza,11.5,Zovencedo,VENETO,ITALY
36021,45.41,Vicenza,11.53,Barbarano Vicentino,VENETO,ITALY
36021,45.4,Vicenza,11.53,Villaga,VENETO,ITALY
36022,45.73,Vicenza,11.78,Cassola,VENETO,ITALY
36023,45.48,Vicenza,11.61,Longare,VENETO,ITALY
36024,45.43,Vicenza,11.58,Nanto,VENETO,ITALY
36024,45.41,Vicenza,11.55,Mossano,VENETO,ITALY
36025,45.28,Vicenza,11.53,Noventa Vicentina,VENETO,ITALY
36026,45.28,Vicenza,11.5,Pojana Maggiore,VENETO,ITALY
36027,45.71,Vicenza,11.76,Rosà,VENETO,ITALY
36028,45.7,Vicenza,11.8,Rossano Veneto,VENETO,ITALY
36030,45.66,Vicenza,11.36,Monte di Malo,VENETO,ITALY
36030,45.76,Vicenza,11.46,Caltrano,VENETO,ITALY
36030,45.76,Vicenza,11.51,Calvene,VENETO,ITALY
36030,45.66,Vicenza,11.56,Montecchio Precalcino,VENETO,ITALY
36030,45.75,Vicenza,11.53,Lugo di Vicenza,VENETO,ITALY
36030,45.61,Vicenza,11.5,Caldogno,VENETO,ITALY
36030,45.73,Vicenza,11.55,Fara Vicentino,VENETO,ITALY
36030,45.58,Vicenza,11.48,Costabissara,VENETO,ITALY
36030,45.75,Vicenza,11.26,Valli del Pasubio,VENETO,ITALY
36030,45.68,Vicenza,11.38,San Vito di Leguzzano,VENETO,ITALY
36030,45.65,Vicenza,11.5,Villaverla,VENETO,ITALY
36030,45.7,Vicenza,11.53,Sarcedo,VENETO,ITALY
36030,45.71,Vicenza,11.51,Zugliano,VENETO,ITALY
36031,45.63,Vicenza,11.55,Dueville,VENETO,ITALY
36032,45.88,Vicenza,11.55,Gallio,VENETO,ITALY
36033,45.63,Vicenza,11.45,Isola Vicentina,VENETO,ITALY
36034,45.66,Vicenza,11.41,Malo,VENETO,ITALY
36035,45.7,Vicenza,11.43,Marano Vicentino,VENETO,ITALY
36036,45.71,Vicenza,11.31,Torrebelvicino,VENETO,ITALY
36040,45.4,Vicenza,11.46,San Germano dei Berici,VENETO,ITALY
36040,45.35,Vicenza,11.46,Orgiano,VENETO,ITALY
36040,45.88,Vicenza,11.36,Valdastico,VENETO,ITALY
36040,45.46,Vicenza,11.45,Brendola,VENETO,ITALY
36040,45.91,Vicenza,11.31,Pedemonte,VENETO,ITALY
36040,45.76,Vicenza,11.56,Salcedo,VENETO,ITALY
36040,45.36,Vicenza,11.51,Sossano,VENETO,ITALY
36040,45.48,Vicenza,11.7,Grisignano di Zocco,VENETO,ITALY
36040,45.51,Vicenza,11.61,Torri di Quartesolo,VENETO,ITALY
36040,45.91,Vicenza,11.26,Lastebasse,VENETO,ITALY
36040,45.41,Vicenza,11.4,Sarego,VENETO,ITALY
36040,45.51,Vicenza,11.66,Grumolo delle Abbadesse,VENETO,ITALY
36040,45.85,Vicenza,11.35,Tonezza del Cimone,VENETO,ITALY
36040,45.41,Vicenza,11.45,Grancona,VENETO,ITALY
36041,11.55,Vicenza,45.55,Alte di Montecchio Maggiore,VENETO,ITALY
36042,45.7,Vicenza,11.56,Breganze,VENETO,ITALY
36043,45.51,Vicenza,11.71,Camisano Vicentino,VENETO,ITALY
36045,45.38,Vicenza,11.38,Lonigo,VENETO,ITALY
36045,45.36,Vicenza,11.43,Alonte,VENETO,ITALY
36046,45.78,Vicenza,11.56,Lusiana,VENETO,ITALY
36047,45.45,Vicenza,11.68,Montegalda,VENETO,ITALY
36047,45.43,Vicenza,11.66,Montegaldella,VENETO,ITALY
36050,45.6,Vicenza,11.61,Bolzano Vicentino,VENETO,ITALY
36050,45.48,Vicenza,11.36,Zermeghedo,VENETO,ITALY
36050,45.58,Vicenza,11.43,Gambugliano,VENETO,ITALY
36050,45.56,Vicenza,11.61,Quinto Vicentino,VENETO,ITALY
36050,45.71,Vicenza,11.7,Cartigliano,VENETO,ITALY
36050,45.48,Vicenza,11.36,Montorso Vicentino,VENETO,ITALY
36050,45.65,Vicenza,11.68,Pozzoleone,VENETO,ITALY
36050,45.56,Vicenza,11.46,Monteviale,VENETO,ITALY
36050,45.65,Vicenza,11.63,Bressanvido,VENETO,ITALY
36050,45.53,Vicenza,11.45,Sovizzo,VENETO,ITALY
36051,45.53,Vicenza,11.48,Creazzo,VENETO,ITALY
36052,45.93,Vicenza,11.71,Enego,VENETO,ITALY
36053,45.46,Vicenza,11.33,Gambellara,VENETO,ITALY
36054,45.45,Vicenza,11.38,Montebello Vicentino,VENETO,ITALY
36055,45.73,Vicenza,11.68,Nove,VENETO,ITALY
36056,45.68,Vicenza,11.7,Tezze sul Brenta,VENETO,ITALY
36057,45.5,Vicenza,11.53,Arcugnano,VENETO,ITALY
36060,45.75,Vicenza,11.61,Molvena,VENETO,ITALY
36060,45.7,Vicenza,11.65,Schiavon,VENETO,ITALY
36060,45.73,Vicenza,11.63,Pianezze,VENETO,ITALY
36060,45.78,Vicenza,11.75,Romano d'Ezzelino,VENETO,ITALY
36061,45.76,Vicenza,11.73,Bassano del Grappa,VENETO,ITALY
36062,45.8,Vicenza,11.61,Conco,VENETO,ITALY
36063,45.75,Vicenza,11.65,Marostica,VENETO,ITALY
36064,45.71,Vicenza,11.6,Mason Vicentino,VENETO,ITALY
36065,45.78,Vicenza,11.81,Mussolente,VENETO,ITALY
36066,45.66,Vicenza,11.6,Sandrigo,VENETO,ITALY
36067,11.55,Vicenza,45.55,San Giuseppe di Cassola,VENETO,ITALY
36070,45.56,Vicenza,11.36,Trissino,VENETO,ITALY
36070,45.58,Vicenza,11.25,San Pietro Mussolino,VENETO,ITALY
36070,45.61,Vicenza,11.23,Altissimo,VENETO,ITALY
36070,45.58,Vicenza,11.4,Castelgomberto,VENETO,ITALY
36070,45.61,Vicenza,11.23,Crespadoro,VENETO,ITALY
36070,45.56,Vicenza,11.28,Nogarole Vicentino,VENETO,ITALY
36070,45.58,Vicenza,11.36,Brogliano,VENETO,ITALY
36071,45.51,Vicenza,11.33,Arzignano,VENETO,ITALY
36072,45.55,Vicenza,11.28,Chiampo,VENETO,ITALY
36073,45.61,Vicenza,11.35,Cornedo Vicentino,VENETO,ITALY
36075,45.5,Vicenza,11.41,Montecchio Maggiore,VENETO,ITALY
36076,45.7,Vicenza,11.23,Recoaro Terme,VENETO,ITALY
36077,45.51,Vicenza,11.45,Altavilla Vicentina,VENETO,ITALY
36078,45.65,Vicenza,11.3,Valdagno,VENETO,ITALY
36100,45.55,Vicenza,11.55,Vicenza,VENETO,ITALY
37010,45.56,Verona,10.81,Rivoli Veronese,VENETO,ITALY
37010,45.55,Verona,10.76,Affi,VENETO,ITALY
37010,45.63,Verona,10.73,San Zeno di Montagna,VENETO,ITALY
37010,45.7,Verona,10.76,Brenzone,VENETO,ITALY
37010,45.58,Verona,10.73,Costermano,VENETO,ITALY
37010,45.5,Verona,10.8,Pastrengo,VENETO,ITALY
37010,45.53,Verona,10.76,Cavaion Veronese,VENETO,ITALY
37010,45.61,Verona,10.68,Torri del Benaco,VENETO,ITALY
37010,45.51,Verona,10.83,Sant'Ambrogio di Valpolicella,VENETO,ITALY
37011,45.53,Verona,10.71,Bardolino,VENETO,ITALY
37012,45.46,Verona,10.85,Bussolengo,VENETO,ITALY
37012,45.43,Verona,10.98,Verona,VENETO,ITALY
37013,45.6,Verona,10.8,Caprino Veronese,VENETO,ITALY
37014,45.43,Verona,10.76,Castelnuovo del Garda,VENETO,ITALY
37015,45.51,Verona,10.82,DOMEGLIARA,VENETO,ITALY
37016,45.56,Verona,10.71,Garda,VENETO,ITALY
37017,45.51,Verona,10.73,Lazise,VENETO,ITALY
37018,45.76,Verona,10.81,Malcesine,VENETO,ITALY
37019,45.43,Verona,10.68,Peschiera del Garda,VENETO,ITALY
37020,45.68,Verona,10.85,Ferrara di Monte Baldo,VENETO,ITALY
37020,45.63,Verona,11.03,Erbezzo,VENETO,ITALY
37020,45.56,Verona,11.03,Cerro Veronese,VENETO,ITALY
37020,45.55,Verona,10.91,Marano di Valpolicella,VENETO,ITALY
37020,45.63,Verona,10.95,Sant'Anna d'Alfaedo,VENETO,ITALY
37020,45.65,Verona,10.9,Brentino Belluno,VENETO,ITALY
37020,45.6,Verona,10.85,Dolcè,VENETO,ITALY
37021,45.61,Verona,11.03,Bosco Chiesanuova,VENETO,ITALY
37022,45.55,Verona,10.88,Fumane,VENETO,ITALY
37023,45.51,Verona,11.01,Grezzana,VENETO,ITALY
37024,45.53,Verona,10.93,Negrar,VENETO,ITALY
37025,45.47,Verona,10.94,PARONA DI VALPOLICELLA,VENETO,ITALY
37025,45.43,Verona,10.98,Verona,VENETO,ITALY
37026,45.48,Verona,10.86,Pescantina,VENETO,ITALY
37028,45.6,Verona,11.06,Roverè Veronese,VENETO,ITALY
37029,45.51,Verona,10.88,San Pietro in Cariano,VENETO,ITALY
37030,45.43,Verona,11.13,Lavagno,VENETO,ITALY
37030,45.43,Verona,11.2,Colognola ai Colli,VENETO,ITALY
37030,45.48,Verona,11.2,Cazzano di Tramigna,VENETO,ITALY
37030,45.48,Verona,11.28,Roncà,VENETO,ITALY
37030,45.56,Verona,11.11,San Mauro di Saline,VENETO,ITALY
37030,45.61,Verona,11.13,Selva di Progno,VENETO,ITALY
37030,45.56,Verona,11.15,Badia Calavena,VENETO,ITALY
37030,45.43,Verona,10.98,Verona,VENETO,ITALY
37030,45.48,Verona,11.13,Mezzane di Sotto,VENETO,ITALY
37030,45.48,Verona,11.25,Montecchia di Crosara,VENETO,ITALY
37030,45.56,Verona,11.23,Vestenanova,VENETO,ITALY
37030,45.6,Verona,11.1,Velo Veronese,VENETO,ITALY
37031,45.46,Verona,11.18,Illasi,VENETO,ITALY
37032,45.41,Verona,11.28,Monteforte d'Alpone,VENETO,ITALY
37033,45.45,Verona,11.06,MONTORIO VERONESE,VENETO,ITALY
37033,45.43,Verona,10.98,Verona,VENETO,ITALY
37034,45.49,Verona,11.01,QUINTO DI VALPANTENA,VENETO,ITALY
37035,45.51,Verona,11.23,San Giovanni Ilarione,VENETO,ITALY
37036,45.41,Verona,11.1,San Martino Buon Albergo,VENETO,ITALY
37038,45.41,Verona,11.23,Soave,VENETO,ITALY
37039,45.51,Verona,11.16,Tregnago,VENETO,ITALY
37040,45.25,Verona,11.28,Bonavigo,VENETO,ITALY
37040,45.26,Verona,11.45,Roveredo di Guà,VENETO,ITALY
37040,45.28,Verona,11.4,Pressana,VENETO,ITALY
37040,45.17,Verona,11.39,Terrazzo,VENETO,ITALY
37040,45.21,Verona,11.36,Boschi Sant'Anna,VENETO,ITALY
37040,45.35,Verona,11.28,Arcole,VENETO,ITALY
37040,45.23,Verona,11.4,Bevilacqua,VENETO,ITALY
37040,45.33,Verona,11.38,Zimella,VENETO,ITALY
37040,45.31,Verona,11.33,Veronella,VENETO,ITALY
37041,45.31,Verona,11.26,Albaredo d'Adige,VENETO,ITALY
37042,45.41,Verona,11.18,Caldiero,VENETO,ITALY
37043,45.11,Verona,11.41,Castagnaro,VENETO,ITALY
37044,45.31,Verona,11.38,Cologna Veneta,VENETO,ITALY
37045,45.2,Verona,11.3,Legnago,VENETO,ITALY
37046,45.25,Verona,11.35,Minerbe,VENETO,ITALY
37047,45.4,Verona,11.28,San Bonifacio,VENETO,ITALY
37048,45.18,Verona,11.27,SAN PIETRO DI LEGNAGO,VENETO,ITALY
37049,45.15,Verona,11.35,Villa Bartolomea,VENETO,ITALY
37050,45.2,Verona,11.13,Concamarise,VENETO,ITALY
37050,45.26,Verona,11.25,Roverchiara,VENETO,ITALY
37050,45.21,Verona,11.28,Angiari,VENETO,ITALY
37050,45.38,Verona,11.2,Belfiore,VENETO,ITALY
37050,45.25,Verona,11.23,San Pietro di Morubio,VENETO,ITALY
37050,45.28,Verona,11.2,Isola Rizza,VENETO,ITALY
37050,45.31,Verona,11.15,Palù,VENETO,ITALY
37050,45.3,Verona,11.18,Oppeano,VENETO,ITALY
37051,45.25,Verona,11.13,Bovolone,VENETO,ITALY
37052,45.16,Verona,11.2,Casaleone,VENETO,ITALY
37053,45.2,Verona,11.21,Cerea,VENETO,ITALY
37054,45.18,Verona,11.06,Nogara,VENETO,ITALY
37055,45.33,Verona,11.23,Ronco all'Adige,VENETO,ITALY
37056,45.25,Verona,11.08,Salizzole,VENETO,ITALY
37057,45.38,Verona,11.03,San Giovanni Lupatoto,VENETO,ITALY
37058,45.18,Verona,11.15,Sanguinetto,VENETO,ITALY
37059,45.36,Verona,11.13,Zevio,VENETO,ITALY
37060,45.15,Verona,11.08,Gazzo Veronese,VENETO,ITALY
37060,45.35,Verona,10.95,Castel d'Azzano,VENETO,ITALY
37060,45.28,Verona,10.88,Nogarole Rocca,VENETO,ITALY
37060,45.35,Verona,10.93,Buttapietra,VENETO,ITALY
37060,45.43,Verona,10.98,Verona,VENETO,ITALY
37060,45.3,Verona,10.81,Mozzecane,VENETO,ITALY
37060,45.43,Verona,10.83,Sona,VENETO,ITALY
37060,45.21,Verona,10.98,Sorgà,VENETO,ITALY
37060,45.26,Verona,10.91,Trevenzuolo,VENETO,ITALY
37060,45.25,Verona,10.96,Erbè,VENETO,ITALY
37061,45.38,Verona,10.99,CA' DI DAVID,VENETO,ITALY
37061,45.43,Verona,10.98,Verona,VENETO,ITALY
37062,45.39,Verona,10.91,DOSSOBUONO,VENETO,ITALY
37062,45.43,Verona,10.98,Verona,VENETO,ITALY
37063,45.26,Verona,11.13,Isola della Scala,VENETO,ITALY
37064,45.35,Verona,10.88,Povegliano Veronese,VENETO,ITALY
37066,45.4,Verona,10.85,Sommacampagna,VENETO,ITALY
37067,45.35,Verona,10.73,Valeggio sul Mincio,VENETO,ITALY
37068,45.31,Verona,10.93,Vigasio,VENETO,ITALY
37069,45.35,Verona,10.85,Villafranca di Verona,VENETO,ITALY
37100,45.43,Verona,10.98,Verona,VENETO,ITALY
37121,45.43,Verona,10.98,Verona,VENETO,ITALY
37122,45.43,Verona,10.98,Verona,VENETO,ITALY
37123,45.43,Verona,10.98,Verona,VENETO,ITALY
37124,45.43,Verona,10.98,Verona,VENETO,ITALY
37125,10.98,Verona,45.43,Quinzano,VENETO,ITALY
37125,45.43,Verona,10.98,Verona,VENETO,ITALY
37126,45.43,Verona,10.98,Verona,VENETO,ITALY
37127,45.43,Verona,10.98,Verona,VENETO,ITALY
37127,45.46,Verona,10.98,AVESA,VENETO,ITALY
37128,45.43,Verona,10.98,Verona,VENETO,ITALY
37129,45.43,Verona,10.98,Verona,VENETO,ITALY
37131,45.43,Verona,10.98,Verona,VENETO,ITALY
37132,45.43,Verona,10.98,Verona,VENETO,ITALY
37132,10.98,Verona,45.43,San Michele Extra,VENETO,ITALY
37133,45.43,Verona,10.98,Verona,VENETO,ITALY
37134,45.43,Verona,10.98,Verona,VENETO,ITALY
37135,45.43,Verona,10.98,Verona,VENETO,ITALY
37136,45.43,Verona,10.98,Verona,VENETO,ITALY
37137,45.43,Verona,10.98,Verona,VENETO,ITALY
37138,45.43,Verona,10.98,Verona,VENETO,ITALY
37139,45.45,Verona,10.93,CHIEVO,VENETO,ITALY
37139,45.43,Verona,10.98,Verona,VENETO,ITALY
38010,46.2,Trento,11.16,Faedo,TRENTINO-ALTO ADIGE,ITALY
38010,46.41,Trento,11.18,Ruffrè-Mendola,TRENTINO-ALTO ADIGE,ITALY
38010,46.3,Trento,11.03,Flavon,TRENTINO-ALTO ADIGE,ITALY
38010,46.2,Trento,11.13,San Michele all'Adige,TRENTINO-ALTO ADIGE,ITALY
38010,46.4,Trento,11.1,Dambel,TRENTINO-ALTO ADIGE,ITALY
38010,46.36,Trento,11.06,Sanzeno,TRENTINO-ALTO ADIGE,ITALY
38010,46.41,Trento,11.15,Ronzone,TRENTINO-ALTO ADIGE,ITALY
38010,46.35,Trento,11.08,Coredo,TRENTINO-ALTO ADIGE,ITALY
38010,46.15,Trento,11.1,Zambana,TRENTINO-ALTO ADIGE,ITALY
38010,46.31,Trento,11.1,Tres,TRENTINO-ALTO ADIGE,ITALY
38010,46.26,Trento,11.08,Ton,TRENTINO-ALTO ADIGE,ITALY
38010,46.21,Trento,11.05,Spormaggiore,TRENTINO-ALTO ADIGE,ITALY
38010,46.16,Trento,11.06,Andalo,TRENTINO-ALTO ADIGE,ITALY
38010,46.18,Trento,11.06,Fai della Paganella,TRENTINO-ALTO ADIGE,ITALY
38010,46.28,Trento,11.03,Cunevo,TRENTINO-ALTO ADIGE,ITALY
38010,46.33,Trento,11.11,Sfruz,TRENTINO-ALTO ADIGE,ITALY
38010,46.16,Trento,11.1,Nave San Rocco,TRENTINO-ALTO ADIGE,ITALY
38010,46.31,Trento,11.05,Nanno,TRENTINO-ALTO ADIGE,ITALY
38010,46.25,Trento,11.03,Campodenno,TRENTINO-ALTO ADIGE,ITALY
38010,46.18,Trento,11.03,Cavedago,TRENTINO-ALTO ADIGE,ITALY
38010,46.35,Trento,11.11,Smarano,TRENTINO-ALTO ADIGE,ITALY
38010,46.3,Trento,11.11,Vervò,TRENTINO-ALTO ADIGE,ITALY
38010,46.31,Trento,11.01,Terres,TRENTINO-ALTO ADIGE,ITALY
38010,46.31,Trento,11.06,Taio,TRENTINO-ALTO ADIGE,ITALY
38010,46.33,Trento,11.05,Tassullo,TRENTINO-ALTO ADIGE,ITALY
38010,46.23,Trento,11.03,Sporminore,TRENTINO-ALTO ADIGE,ITALY
38010,46.4,Trento,11.11,Romeno,TRENTINO-ALTO ADIGE,ITALY
38010,46.28,Trento,11.05,Denno,TRENTINO-ALTO ADIGE,ITALY
38011,46.41,Trento,11.15,Sarnonico,TRENTINO-ALTO ADIGE,ITALY
38011,46.38,Trento,11.13,Don,TRENTINO-ALTO ADIGE,ITALY
38011,46.41,Trento,11.13,Cavareno,TRENTINO-ALTO ADIGE,ITALY
38011,46.4,Trento,11.15,Amblar,TRENTINO-ALTO ADIGE,ITALY
38012,46.33,Trento,11.06,DERMULO,TRENTINO-ALTO ADIGE,ITALY
38013,46.43,Trento,11.13,Fondo,TRENTINO-ALTO ADIGE,ITALY
38013,46.43,Trento,11.15,Malosco,TRENTINO-ALTO ADIGE,ITALY
38014,46.1,Trento,11.11,GARDOLO,TRENTINO-ALTO ADIGE,ITALY
38015,46.13,Trento,11.11,Lavis,TRENTINO-ALTO ADIGE,ITALY
38016,46.21,Trento,11.11,Mezzocorona,TRENTINO-ALTO ADIGE,ITALY
38017,46.21,Trento,11.1,Mezzolombardo,TRENTINO-ALTO ADIGE,ITALY
38018,46.15,Trento,10.96,Molveno,TRENTINO-ALTO ADIGE,ITALY
38019,46.33,Trento,11.01,Tuenno,TRENTINO-ALTO ADIGE,ITALY
38020,46.41,Trento,11.08,Cloz,TRENTINO-ALTO ADIGE,ITALY
38020,46.36,Trento,10.66,Peio,TRENTINO-ALTO ADIGE,ITALY
38020,46.4,Trento,10.85,Rabbi,TRENTINO-ALTO ADIGE,ITALY
38020,46.4,Trento,10.96,Cis,TRENTINO-ALTO ADIGE,ITALY
38020,46.41,Trento,10.96,Bresimo,TRENTINO-ALTO ADIGE,ITALY
38020,46.31,Trento,10.8,Mezzana,TRENTINO-ALTO ADIGE,ITALY
38020,46.45,Trento,11.11,Castelfondo,TRENTINO-ALTO ADIGE,ITALY
38020,46.31,Trento,10.75,Pellizzano,TRENTINO-ALTO ADIGE,ITALY
38020,46.33,Trento,10.88,Monclassico,TRENTINO-ALTO ADIGE,ITALY
38020,46.31,Trento,10.83,Commezzadura,TRENTINO-ALTO ADIGE,ITALY
38020,46.4,Trento,11.01,Livo,TRENTINO-ALTO ADIGE,ITALY
38020,46.45,Trento,11.01,Rumo,TRENTINO-ALTO ADIGE,ITALY
38021,46.43,Trento,11.1,Brez,TRENTINO-ALTO ADIGE,ITALY
38022,46.36,Trento,10.95,Caldes,TRENTINO-ALTO ADIGE,ITALY
38022,46.36,Trento,10.95,Cavizzana,TRENTINO-ALTO ADIGE,ITALY
38023,46.36,Trento,11.03,Cles,TRENTINO-ALTO ADIGE,ITALY
38024,46.34,Trento,10.69,CELEDIZZO,TRENTINO-ALTO ADIGE,ITALY
38025,46.33,Trento,10.86,Dimaro,TRENTINO-ALTO ADIGE,ITALY
38026,46.3,Trento,10.73,Ossana,TRENTINO-ALTO ADIGE,ITALY
38027,46.36,Trento,10.91,Terzolas,TRENTINO-ALTO ADIGE,ITALY
38027,46.35,Trento,10.9,Malè,TRENTINO-ALTO ADIGE,ITALY
38027,46.35,Trento,10.9,Croviana,TRENTINO-ALTO ADIGE,ITALY
38028,46.4,Trento,11.05,Cagnò,TRENTINO-ALTO ADIGE,ITALY
38028,46.38,Trento,11.06,Revò,TRENTINO-ALTO ADIGE,ITALY
38028,46.4,Trento,11.06,Romallo,TRENTINO-ALTO ADIGE,ITALY
38029,46.3,Trento,10.68,Vermiglio,TRENTINO-ALTO ADIGE,ITALY
38030,46.25,Trento,11.16,Roverè della Luna,TRENTINO-ALTO ADIGE,ITALY
38030,46.26,Trento,11.33,Capriana,TRENTINO-ALTO ADIGE,ITALY
38030,46.28,Trento,11.43,Castello-Molina di Fiemme,TRENTINO-ALTO ADIGE,ITALY
38030,46.3,Trento,11.45,Varena,TRENTINO-ALTO ADIGE,ITALY
38030,46.45,Trento,11.7,Mazzin,TRENTINO-ALTO ADIGE,ITALY
38030,46.28,Trento,11.56,Ziano di Fiemme,TRENTINO-ALTO ADIGE,ITALY
38030,46.2,Trento,11.26,Valda,TRENTINO-ALTO ADIGE,ITALY
38030,46.21,Trento,11.3,Grumes,TRENTINO-ALTO ADIGE,ITALY
38030,46.23,Trento,11.3,Grauno,TRENTINO-ALTO ADIGE,ITALY
38030,46.16,Trento,11.18,Lisignago,TRENTINO-ALTO ADIGE,ITALY
38030,46.28,Trento,11.55,Panchià,TRENTINO-ALTO ADIGE,ITALY
38030,46.3,Trento,11.45,Daiano,TRENTINO-ALTO ADIGE,ITALY
38030,46.15,Trento,11.15,Giovo,TRENTINO-ALTO ADIGE,ITALY
38030,46.4,Trento,11.66,Soraga,TRENTINO-ALTO ADIGE,ITALY
38030,46.18,Trento,11.23,Faver,TRENTINO-ALTO ADIGE,ITALY
38031,46.48,Trento,11.73,Campitello di Fassa,TRENTINO-ALTO ADIGE,ITALY
38032,46.48,Trento,11.76,Canazei,TRENTINO-ALTO ADIGE,ITALY
38033,46.28,Trento,11.43,Carano,TRENTINO-ALTO ADIGE,ITALY
38033,46.28,Trento,11.46,Cavalese,TRENTINO-ALTO ADIGE,ITALY
38034,46.18,Trento,11.21,Cembra,TRENTINO-ALTO ADIGE,ITALY
38035,46.38,Trento,11.66,Moena,TRENTINO-ALTO ADIGE,ITALY
38036,46.43,Trento,11.68,Pozza di Fassa,TRENTINO-ALTO ADIGE,ITALY
38037,46.31,Trento,11.6,Predazzo,TRENTINO-ALTO ADIGE,ITALY
38038,46.28,Trento,11.51,Tesero,TRENTINO-ALTO ADIGE,ITALY
38039,46.41,Trento,11.66,Vigo di Fassa,TRENTINO-ALTO ADIGE,ITALY
38040,46.11,Trento,11.21,Fornace,TRENTINO-ALTO ADIGE,ITALY
38040,45.91,Trento,11.31,Luserna,TRENTINO-ALTO ADIGE,ITALY
38040,45.96,Trento,11.23,Centa San Nicolò,TRENTINO-ALTO ADIGE,ITALY
38040,46.15,Trento,11.21,Lona-Lases,TRENTINO-ALTO ADIGE,ITALY
38040,46.25,Trento,11.35,Valfloriana,TRENTINO-ALTO ADIGE,ITALY
38041,46.15,Trento,11.2,Albiano,TRENTINO-ALTO ADIGE,ITALY
38042,46.13,Trento,11.23,Baselga di Pinè,TRENTINO-ALTO ADIGE,ITALY
38043,46.16,Trento,11.3,Bedollo,TRENTINO-ALTO ADIGE,ITALY
38044,45.93,Trento,11.21,CARBONARE DI FOLGARIA,TRENTINO-ALTO ADIGE,ITALY
38045,46.08,Trento,11.16,Civezzano,TRENTINO-ALTO ADIGE,ITALY
38046,45.93,Trento,11.26,Lavarone,TRENTINO-ALTO ADIGE,ITALY
38047,46.18,Trento,11.26,Segonzano,TRENTINO-ALTO ADIGE,ITALY
38048,46.21,Trento,11.31,Sover,TRENTINO-ALTO ADIGE,ITALY
38049,46,Trento,11.2,Vigolo Vattaro,TRENTINO-ALTO ADIGE,ITALY
38049,46,Trento,11.21,Vattaro,TRENTINO-ALTO ADIGE,ITALY
38049,46,Trento,11.21,Bosentino,TRENTINO-ALTO ADIGE,ITALY
38050,46.15,Trento,11.8,Imer,TRENTINO-ALTO ADIGE,ITALY
38050,46.05,Trento,11.48,Castelnuovo,TRENTINO-ALTO ADIGE,ITALY
38050,46.08,Trento,11.3,Frassilongo,TRENTINO-ALTO ADIGE,ITALY
38050,46.05,Trento,11.61,Cinte Tesino,TRENTINO-ALTO ADIGE,ITALY
38050,46.11,Trento,11.31,Fierozzo,TRENTINO-ALTO ADIGE,ITALY
38050,46.06,Trento,11.23,Calceranica al Lago,TRENTINO-ALTO ADIGE,ITALY
38050,46.06,Trento,11.45,Torcegno,TRENTINO-ALTO ADIGE,ITALY
38050,46.2,Trento,11.95,Sagron Mis,TRENTINO-ALTO ADIGE,ITALY
38050,46.05,Trento,11.4,Roncegno Terme,TRENTINO-ALTO ADIGE,ITALY
38050,46.01,Trento,11.26,Tenna,TRENTINO-ALTO ADIGE,ITALY
38050,46.06,Trento,11.46,Telve di Sopra,TRENTINO-ALTO ADIGE,ITALY
38050,46.06,Trento,11.48,Telve,TRENTINO-ALTO ADIGE,ITALY
38050,46.06,Trento,11.51,Scurelle,TRENTINO-ALTO ADIGE,ITALY
38050,46.08,Trento,11.55,Bieno,TRENTINO-ALTO ADIGE,ITALY
38050,46.11,Trento,11.3,Sant'Orsola Terme,TRENTINO-ALTO ADIGE,ITALY
38050,46.01,Trento,11.36,Novaledo,TRENTINO-ALTO ADIGE,ITALY
38050,46.15,Trento,11.73,Canal San Bovo,TRENTINO-ALTO ADIGE,ITALY
38050,46.06,Trento,11.61,Pieve Tesino,TRENTINO-ALTO ADIGE,ITALY
38050,46.05,Trento,11.55,Ospedaletto,TRENTINO-ALTO ADIGE,ITALY
38050,46.06,Trento,11.5,Carzano,TRENTINO-ALTO ADIGE,ITALY
38050,46.13,Trento,11.35,Palù del Fersina,TRENTINO-ALTO ADIGE,ITALY
38050,46.15,Trento,11.8,Mezzano,TRENTINO-ALTO ADIGE,ITALY
38051,46.05,Trento,11.45,Borgo Valsugana,TRENTINO-ALTO ADIGE,ITALY
38051,46.06,Trento,11.43,Ronchi Valsugana,TRENTINO-ALTO ADIGE,ITALY
38052,46,Trento,11.26,Caldonazzo,TRENTINO-ALTO ADIGE,ITALY
38053,46.06,Trento,11.61,Castello Tesino,TRENTINO-ALTO ADIGE,ITALY
38054,46.18,Trento,11.83,Siror,TRENTINO-ALTO ADIGE,ITALY
38054,46.18,Trento,11.83,Transacqua,TRENTINO-ALTO ADIGE,ITALY
38054,46.18,Trento,11.83,Fiera di Primiero,TRENTINO-ALTO ADIGE,ITALY
38054,46.18,Trento,11.83,Tonadico,TRENTINO-ALTO ADIGE,ITALY
38055,46.01,Trento,11.63,Grigno,TRENTINO-ALTO ADIGE,ITALY
38056,46.01,Trento,11.3,Levico Terme,TRENTINO-ALTO ADIGE,ITALY
38057,46.06,Trento,11.23,Pergine Valsugana,TRENTINO-ALTO ADIGE,ITALY
38057,46.05,Trento,11.28,Vignola-Falesina,TRENTINO-ALTO ADIGE,ITALY
38058,46.26,Trento,11.8,SAN MARTINO DI CASTROZZA,TRENTINO-ALTO ADIGE,ITALY
38059,46.05,Trento,11.53,Villa Agnedo,TRENTINO-ALTO ADIGE,ITALY
38059,46.05,Trento,11.53,Ivano-Fracena,TRENTINO-ALTO ADIGE,ITALY
38059,46.08,Trento,11.51,Samone,TRENTINO-ALTO ADIGE,ITALY
38059,46.06,Trento,11.51,Spera,TRENTINO-ALTO ADIGE,ITALY
38059,46.06,Trento,11.51,Strigno,TRENTINO-ALTO ADIGE,ITALY
38060,45.88,Trento,10.95,Ronzo-Chienis,TRENTINO-ALTO ADIGE,ITALY
38060,45.88,Trento,10.73,Pieve di Ledro,TRENTINO-ALTO ADIGE,ITALY
38060,45.9,Trento,10.71,Bezzecca,TRENTINO-ALTO ADIGE,ITALY
38060,45.91,Trento,10.83,Tenno,TRENTINO-ALTO ADIGE,ITALY
38060,45.81,Trento,10.95,Brentonico,TRENTINO-ALTO ADIGE,ITALY
38060,45.86,Trento,10.88,Nago-Torbole,TRENTINO-ALTO ADIGE,ITALY
38060,45.86,Trento,10.78,Molina di Ledro,TRENTINO-ALTO ADIGE,ITALY
38060,46,Trento,11.08,Garniga Terme,TRENTINO-ALTO ADIGE,ITALY
38060,45.93,Trento,11.06,Nomi,TRENTINO-ALTO ADIGE,ITALY
38060,45.88,Trento,10.66,Tiarno di Sopra,TRENTINO-ALTO ADIGE,ITALY
38060,45.9,Trento,10.68,Tiarno di Sotto,TRENTINO-ALTO ADIGE,ITALY
38060,45.93,Trento,11.08,Calliano,TRENTINO-ALTO ADIGE,ITALY
38060,45.91,Trento,11.06,Volano,TRENTINO-ALTO ADIGE,ITALY
38060,45.93,Trento,11.11,Besenello,TRENTINO-ALTO ADIGE,ITALY
38060,45.98,Trento,11.06,Cimone,TRENTINO-ALTO ADIGE,ITALY
38060,45.98,Trento,11.08,Aldeno,TRENTINO-ALTO ADIGE,ITALY
38060,45.93,Trento,11.05,Pomarolo,TRENTINO-ALTO ADIGE,ITALY
38060,45.88,Trento,11.01,Isera,TRENTINO-ALTO ADIGE,ITALY
38060,45.78,Trento,11.11,Vallarsa,TRENTINO-ALTO ADIGE,ITALY
38060,45.9,Trento,10.73,Concei,TRENTINO-ALTO ADIGE,ITALY
38060,45.91,Trento,11.03,Nogaredo,TRENTINO-ALTO ADIGE,ITALY
38060,45.88,Trento,11.15,Terragnolo,TRENTINO-ALTO ADIGE,ITALY
38060,45.91,Trento,11.03,Villa Lagarina,TRENTINO-ALTO ADIGE,ITALY
38061,45.75,Trento,11,Ala,TRENTINO-ALTO ADIGE,ITALY
38062,45.91,Trento,10.88,Arco,TRENTINO-ALTO ADIGE,ITALY
38063,45.73,Trento,10.95,Avio,TRENTINO-ALTO ADIGE,ITALY
38064,45.91,Trento,11.18,Folgaria,TRENTINO-ALTO ADIGE,ITALY
38065,45.85,Trento,10.98,Mori,TRENTINO-ALTO ADIGE,ITALY
38066,45.88,Trento,10.85,Riva del Garda,TRENTINO-ALTO ADIGE,ITALY
38068,45.88,Trento,11.05,Rovereto,TRENTINO-ALTO ADIGE,ITALY
38068,45.86,Trento,11.06,Trambileno,TRENTINO-ALTO ADIGE,ITALY
38069,45.86,Trento,10.86,TORBOLE SUL GARDA,TRENTINO-ALTO ADIGE,ITALY
38070,46.06,Trento,10.9,Dorsino,TRENTINO-ALTO ADIGE,ITALY
38070,46.1,Trento,11.05,Terlago,TRENTINO-ALTO ADIGE,ITALY
38070,46.05,Trento,10.76,Preore,TRENTINO-ALTO ADIGE,ITALY
38070,46.06,Trento,10.75,Montagne,TRENTINO-ALTO ADIGE,ITALY
38070,46.01,Trento,10.86,Lomaso,TRENTINO-ALTO ADIGE,ITALY
38070,46.06,Trento,10.98,Padergnone,TRENTINO-ALTO ADIGE,ITALY
38070,46.08,Trento,10.96,Vezzano,TRENTINO-ALTO ADIGE,ITALY
38070,46.05,Trento,10.85,Stenico,TRENTINO-ALTO ADIGE,ITALY
38070,46.05,Trento,10.78,Ragoli,TRENTINO-ALTO ADIGE,ITALY
38071,46.03,Trento,10.86,Bleggio Inferiore,TRENTINO-ALTO ADIGE,ITALY
38071,46.01,Trento,10.83,Bleggio Superiore,TRENTINO-ALTO ADIGE,ITALY
38072,46.05,Trento,10.98,Calavino,TRENTINO-ALTO ADIGE,ITALY
38073,46,Trento,10.96,Cavedine,TRENTINO-ALTO ADIGE,ITALY
38074,45.96,Trento,10.91,Dro,TRENTINO-ALTO ADIGE,ITALY
38074,45.96,Trento,10.95,Drena,TRENTINO-ALTO ADIGE,ITALY
38075,46,Trento,10.83,Fiavè,TRENTINO-ALTO ADIGE,ITALY
38076,46.01,Trento,10.98,Lasino,TRENTINO-ALTO ADIGE,ITALY
38077,11.11,Trento,46.06,Bagni di Comano,TRENTINO-ALTO ADIGE,ITALY
38078,46.08,Trento,10.91,San Lorenzo in Banale,TRENTINO-ALTO ADIGE,ITALY
38079,46.03,Trento,10.73,Tione di Trento,TRENTINO-ALTO ADIGE,ITALY
38079,46.03,Trento,10.75,Zuclo,TRENTINO-ALTO ADIGE,ITALY
38079,46.03,Trento,10.73,Bolbeno,TRENTINO-ALTO ADIGE,ITALY
38080,46.08,Trento,10.71,Darè,TRENTINO-ALTO ADIGE,ITALY
38080,46.11,Trento,10.75,Bocenago,TRENTINO-ALTO ADIGE,ITALY
38080,46.06,Trento,10.71,Villa Rendena,TRENTINO-ALTO ADIGE,ITALY
38080,46.08,Trento,10.71,Vigo Rendena,TRENTINO-ALTO ADIGE,ITALY
38080,46.16,Trento,10.76,Carisolo,TRENTINO-ALTO ADIGE,ITALY
38080,45.95,Trento,10.61,Daone,TRENTINO-ALTO ADIGE,ITALY
38080,46.11,Trento,10.75,Strembo,TRENTINO-ALTO ADIGE,ITALY
38080,45.95,Trento,10.63,Praso,TRENTINO-ALTO ADIGE,ITALY
38080,45.8,Trento,10.55,Bondone,TRENTINO-ALTO ADIGE,ITALY
38080,46.13,Trento,10.75,Caderzone,TRENTINO-ALTO ADIGE,ITALY
38081,46,Trento,10.7,Bondo,TRENTINO-ALTO ADIGE,ITALY
38081,46,Trento,10.7,Breguzzo,TRENTINO-ALTO ADIGE,ITALY
38082,45.91,Trento,10.61,Cimego,TRENTINO-ALTO ADIGE,ITALY
38082,45.91,Trento,10.6,Castel Condino,TRENTINO-ALTO ADIGE,ITALY
38083,45.88,Trento,10.6,Condino,TRENTINO-ALTO ADIGE,ITALY
38083,45.63,Trento,10.13,Brione,TRENTINO-ALTO ADIGE,ITALY
38084,46.22,Trento,10.82,MADONNA DI CAMPIGLIO,TRENTINO-ALTO ADIGE,ITALY
38085,45.93,Trento,10.63,Prezzo,TRENTINO-ALTO ADIGE,ITALY
38085,45.95,Trento,10.63,Bersone,TRENTINO-ALTO ADIGE,ITALY
38085,45.95,Trento,10.63,Pieve di Bono,TRENTINO-ALTO ADIGE,ITALY
38086,46.15,Trento,10.76,Massimeno,TRENTINO-ALTO ADIGE,ITALY
38086,46.16,Trento,10.76,Pinzolo,TRENTINO-ALTO ADIGE,ITALY
38086,46.15,Trento,10.76,Giustino,TRENTINO-ALTO ADIGE,ITALY
38087,45.98,Trento,10.66,Roncone,TRENTINO-ALTO ADIGE,ITALY
38087,45.96,Trento,10.66,Lardaro,TRENTINO-ALTO ADIGE,ITALY
38088,46.08,Trento,10.71,Pelugo,TRENTINO-ALTO ADIGE,ITALY
38088,46.1,Trento,10.73,Spiazzo,TRENTINO-ALTO ADIGE,ITALY
38089,45.85,Trento,10.58,Storo,TRENTINO-ALTO ADIGE,ITALY
38100,46.06,Trento,11.11,Trento,TRENTINO-ALTO ADIGE,ITALY
39010,46.7,Bolzano - Bozen,11.18,Rifiano,TRENTINO-ALTO ADIGE,ITALY
39010,46.63,Bolzano - Bozen,11.15,Cermes,TRENTINO-ALTO ADIGE,ITALY
39010,46.7,Bolzano - Bozen,11.16,Caines,TRENTINO-ALTO ADIGE,ITALY
39010,46.56,Bolzano - Bozen,11.16,Tesimo,TRENTINO-ALTO ADIGE,ITALY
39010,46.5,Bolzano - Bozen,11.11,Senale-San Felice,TRENTINO-ALTO ADIGE,ITALY
39010,46.65,Bolzano - Bozen,11.23,Avelengo,TRENTINO-ALTO ADIGE,ITALY
39010,46.58,Bolzano - Bozen,11.08,San Pancrazio,TRENTINO-ALTO ADIGE,ITALY
39010,46.51,Bolzano - Bozen,11.23,Andriano,TRENTINO-ALTO ADIGE,ITALY
39010,46.58,Bolzano - Bozen,11.2,Gargazzone,TRENTINO-ALTO ADIGE,ITALY
39010,46.6,Bolzano - Bozen,11.23,Verano,TRENTINO-ALTO ADIGE,ITALY
39010,46.55,Bolzano - Bozen,11.2,Nalles,TRENTINO-ALTO ADIGE,ITALY
39010,46.58,Bolzano - Bozen,11.25,Meltina,TRENTINO-ALTO ADIGE,ITALY
39010,46.78,Bolzano - Bozen,11.23,San Martino in Passiria,TRENTINO-ALTO ADIGE,ITALY
39012,46.66,Bolzano - Bozen,11.16,Merano,TRENTINO-ALTO ADIGE,ITALY
39013,46.83,Bolzano - Bozen,11.16,Moso in Passiria,TRENTINO-ALTO ADIGE,ITALY
39014,46.6,Bolzano - Bozen,11.2,Postal,TRENTINO-ALTO ADIGE,ITALY
39015,46.81,Bolzano - Bozen,11.25,San Leonardo in Passiria,TRENTINO-ALTO ADIGE,ITALY
39016,46.55,Bolzano - Bozen,10.86,Ultimo,TRENTINO-ALTO ADIGE,ITALY
39017,46.68,Bolzano - Bozen,11.18,Scena,TRENTINO-ALTO ADIGE,ITALY
39018,46.53,Bolzano - Bozen,11.25,Terlano,TRENTINO-ALTO ADIGE,ITALY
39019,46.71,Bolzano - Bozen,11.14,Tirolo,TRENTINO-ALTO ADIGE,ITALY
39020,46.55,Bolzano - Bozen,10.78,Martello,TRENTINO-ALTO ADIGE,ITALY
39020,46.66,Bolzano - Bozen,10.58,Sluderno,TRENTINO-ALTO ADIGE,ITALY
39020,46.6,Bolzano - Bozen,10.55,Stelvio,TRENTINO-ALTO ADIGE,ITALY
39020,46.7,Bolzano - Bozen,10.91,Senales,TRENTINO-ALTO ADIGE,ITALY
39020,46.8,Bolzano - Bozen,10.53,Curon Venosta,TRENTINO-ALTO ADIGE,ITALY
39020,46.63,Bolzano - Bozen,10.9,Castelbello-Ciardes,TRENTINO-ALTO ADIGE,ITALY
39020,46.65,Bolzano - Bozen,11.15,Marlengo,TRENTINO-ALTO ADIGE,ITALY
39020,46.65,Bolzano - Bozen,10.46,Tubre,TRENTINO-ALTO ADIGE,ITALY
39020,46.68,Bolzano - Bozen,11.06,Parcines,TRENTINO-ALTO ADIGE,ITALY
39021,46.61,Bolzano - Bozen,10.86,Laces,TRENTINO-ALTO ADIGE,ITALY
39022,46.68,Bolzano - Bozen,11.13,Lagundo,TRENTINO-ALTO ADIGE,ITALY
39023,46.61,Bolzano - Bozen,10.7,Lasa,TRENTINO-ALTO ADIGE,ITALY
39024,46.7,Bolzano - Bozen,10.55,Malles Venosta,TRENTINO-ALTO ADIGE,ITALY
39024,46.66,Bolzano - Bozen,10.55,Glorenza,TRENTINO-ALTO ADIGE,ITALY
39025,46.65,Bolzano - Bozen,10.9,Naturno,TRENTINO-ALTO ADIGE,ITALY
39026,46.61,Bolzano - Bozen,10.6,Prato allo Stelvio,TRENTINO-ALTO ADIGE,ITALY
39027,40.4,Bolzano - Bozen,15.34,RESCHEN,TRENTINO-ALTO ADIGE,ITALY
39028,46.63,Bolzano - Bozen,10.78,Silandro,TRENTINO-ALTO ADIGE,ITALY
39029,46.51,Bolzano - Bozen,10.59,SOLDA,TRENTINO-ALTO ADIGE,ITALY
39030,46.78,Bolzano - Bozen,11.98,Perca,TRENTINO-ALTO ADIGE,ITALY
39030,47.03,Bolzano - Bozen,12.1,Predoi,TRENTINO-ALTO ADIGE,ITALY
39030,46.78,Bolzano - Bozen,12.05,Rasun Anterselva,TRENTINO-ALTO ADIGE,ITALY
39030,46.7,Bolzano - Bozen,11.93,Marebbe,TRENTINO-ALTO ADIGE,ITALY
39030,46.71,Bolzano - Bozen,12.13,Braies,TRENTINO-ALTO ADIGE,ITALY
39030,46.65,Bolzano - Bozen,11.91,La Valle,TRENTINO-ALTO ADIGE,ITALY
39030,46.81,Bolzano - Bozen,11.73,Vandoies,TRENTINO-ALTO ADIGE,ITALY
39030,46.76,Bolzano - Bozen,12.18,Valle di Casies,TRENTINO-ALTO ADIGE,ITALY
39030,46.76,Bolzano - Bozen,12.03,Valdaora,TRENTINO-ALTO ADIGE,ITALY
39030,46.83,Bolzano - Bozen,11.78,Terento,TRENTINO-ALTO ADIGE,ITALY
39030,47,Bolzano - Bozen,11.98,Valle Aurina,TRENTINO-ALTO ADIGE,ITALY
39030,46.88,Bolzano - Bozen,11.86,Selva dei Molini,TRENTINO-ALTO ADIGE,ITALY
39030,46.81,Bolzano - Bozen,11.88,Falzes,TRENTINO-ALTO ADIGE,ITALY
39030,46.81,Bolzano - Bozen,11.83,Chienes,TRENTINO-ALTO ADIGE,ITALY
39030,46.68,Bolzano - Bozen,11.9,San Martino in Badia,TRENTINO-ALTO ADIGE,ITALY
39030,46.78,Bolzano - Bozen,11.9,San Lorenzo di Sebato,TRENTINO-ALTO ADIGE,ITALY
39030,46.7,Bolzano - Bozen,12.35,Sesto,TRENTINO-ALTO ADIGE,ITALY
39031,46.8,Bolzano - Bozen,11.93,Brunico,TRENTINO-ALTO ADIGE,ITALY
39032,46.91,Bolzano - Bozen,11.95,Campo Tures,TRENTINO-ALTO ADIGE,ITALY
39033,46.55,Bolzano - Bozen,11.86,Corvara in Badia,TRENTINO-ALTO ADIGE,ITALY
39034,46.73,Bolzano - Bozen,12.21,Dobbiaco,TRENTINO-ALTO ADIGE,ITALY
39035,46.75,Bolzano - Bozen,12.11,Monguelfo-Tesido- Welsberg-Taisten,TRENTINO-ALTO ADIGE,ITALY
39036,46.58,Bolzano - Bozen,11.9,Badia,TRENTINO-ALTO ADIGE,ITALY
39037,46.78,Bolzano - Bozen,11.68,Rodengo,TRENTINO-ALTO ADIGE,ITALY
39037,46.8,Bolzano - Bozen,11.66,Rio di Pusteria,TRENTINO-ALTO ADIGE,ITALY
39038,46.73,Bolzano - Bozen,12.28,San Candido,TRENTINO-ALTO ADIGE,ITALY
39039,46.73,Bolzano - Bozen,12.18,Villabassa,TRENTINO-ALTO ADIGE,ITALY
39040,46.26,Bolzano - Bozen,11.21,Cortina sulla strada del vino,TRENTINO-ALTO ADIGE,ITALY
39040,46.76,Bolzano - Bozen,11.66,Naz-Sciaves,TRENTINO-ALTO ADIGE,ITALY
39040,46.23,Bolzano - Bozen,11.2,Salorno,TRENTINO-ALTO ADIGE,ITALY
39040,46.65,Bolzano - Bozen,11.68,Funes,TRENTINO-ALTO ADIGE,ITALY
39040,46.75,Bolzano - Bozen,11.63,Varna,TRENTINO-ALTO ADIGE,ITALY
39040,46.75,Bolzano - Bozen,11.76,Luson,TRENTINO-ALTO ADIGE,ITALY
39040,46.35,Bolzano - Bozen,11.25,Termeno sulla strada del vino,TRENTINO-ALTO ADIGE,ITALY
39040,46.6,Bolzano - Bozen,11.51,Barbiano,TRENTINO-ALTO ADIGE,ITALY
39040,46.31,Bolzano - Bozen,11.21,Cortaccia sulla strada del vino,TRENTINO-ALTO ADIGE,ITALY
39040,46.63,Bolzano - Bozen,11.53,Villandro,TRENTINO-ALTO ADIGE,ITALY
39040,46.56,Bolzano - Bozen,11.56,Castelrotto,TRENTINO-ALTO ADIGE,ITALY
39040,46.66,Bolzano - Bozen,11.6,Velturno,TRENTINO-ALTO ADIGE,ITALY
39040,46.28,Bolzano - Bozen,11.36,Anterivo,TRENTINO-ALTO ADIGE,ITALY
39040,46.33,Bolzano - Bozen,11.3,Montagna,TRENTINO-ALTO ADIGE,ITALY
39040,46.6,Bolzano - Bozen,11.56,Laion,TRENTINO-ALTO ADIGE,ITALY
39040,46.35,Bolzano - Bozen,11.3,Ora,TRENTINO-ALTO ADIGE,ITALY
39040,46.48,Bolzano - Bozen,11.01,Proves,TRENTINO-ALTO ADIGE,ITALY
39040,46.31,Bolzano - Bozen,11.35,Trodena,TRENTINO-ALTO ADIGE,ITALY
39040,46.88,Bolzano - Bozen,11.4,Racines,TRENTINO-ALTO ADIGE,ITALY
39040,46.6,Bolzano - Bozen,11.53,Ponte Gardena,TRENTINO-ALTO ADIGE,ITALY
39040,46.28,Bolzano - Bozen,11.21,Magrè sulla strada del vino,TRENTINO-ALTO ADIGE,ITALY
39040,46.88,Bolzano - Bozen,11.48,Campo di Trens,TRENTINO-ALTO ADIGE,ITALY
39040,46.45,Bolzano - Bozen,11.06,Lauregno,TRENTINO-ALTO ADIGE,ITALY
39040,46.36,Bolzano - Bozen,11.35,Aldino,TRENTINO-ALTO ADIGE,ITALY
39041,47,Bolzano - Bozen,11.5,Brennero,TRENTINO-ALTO ADIGE,ITALY
39042,46.71,Bolzano - Bozen,11.65,Bressanone,TRENTINO-ALTO ADIGE,ITALY
39043,46.63,Bolzano - Bozen,11.56,Chiusa,TRENTINO-ALTO ADIGE,ITALY
39044,46.31,Bolzano - Bozen,11.26,Egna,TRENTINO-ALTO ADIGE,ITALY
39045,46.78,Bolzano - Bozen,11.61,Fortezza,TRENTINO-ALTO ADIGE,ITALY
39046,46.56,Bolzano - Bozen,11.66,Ortisei,TRENTINO-ALTO ADIGE,ITALY
39047,46.56,Bolzano - Bozen,11.71,Santa Cristina Valgardena,TRENTINO-ALTO ADIGE,ITALY
39048,46.55,Bolzano - Bozen,11.76,Selva di Val Gardena,TRENTINO-ALTO ADIGE,ITALY
39049,46.9,Bolzano - Bozen,11.46,Val di Vizze,TRENTINO-ALTO ADIGE,ITALY
39049,46.88,Bolzano - Bozen,11.43,Vipiteno,TRENTINO-ALTO ADIGE,ITALY
39050,46.5,Bolzano - Bozen,11.4,Cornedo all'Isarco,TRENTINO-ALTO ADIGE,ITALY
39050,46.46,Bolzano - Bozen,11.53,Tires,TRENTINO-ALTO ADIGE,ITALY
39050,46.41,Bolzano - Bozen,11.43,Nova Ponente,TRENTINO-ALTO ADIGE,ITALY
39050,46.51,Bolzano - Bozen,11.5,Fiè allo Sciliar,TRENTINO-ALTO ADIGE,ITALY
39050,46.53,Bolzano - Bozen,11.33,San Genesio Atesino,TRENTINO-ALTO ADIGE,ITALY
39051,46.41,Bolzano - Bozen,11.3,Vadena,TRENTINO-ALTO ADIGE,ITALY
39051,46.4,Bolzano - Bozen,11.31,Bronzolo,TRENTINO-ALTO ADIGE,ITALY
39052,46.41,Bolzano - Bozen,11.25,Caldaro sulla strada del vino,TRENTINO-ALTO ADIGE,ITALY
39053,46.5,Bolzano - Bozen,11.38,CARDANO,TRENTINO-ALTO ADIGE,ITALY
39054,46.53,Bolzano - Bozen,11.45,Renon,TRENTINO-ALTO ADIGE,ITALY
39055,46.43,Bolzano - Bozen,11.33,Laives,TRENTINO-ALTO ADIGE,ITALY
39056,46.43,Bolzano - Bozen,11.55,Nova Levante,TRENTINO-ALTO ADIGE,ITALY
39057,46.45,Bolzano - Bozen,11.26,Appiano sulla strada del vino,TRENTINO-ALTO ADIGE,ITALY
39058,46.65,Bolzano - Bozen,11.35,Sarentino,TRENTINO-ALTO ADIGE,ITALY
39059,46.52,Bolzano - Bozen,11.4,OBERBOZEN,TRENTINO-ALTO ADIGE,ITALY
39100,46.5,Bolzano - Bozen,11.35,Bolzano,TRENTINO-ALTO ADIGE,ITALY
40010,44.63,Bologna,11.41,Bentivoglio,EMILIA-ROMAGNA,ITALY
40010,44.61,Bologna,11.25,Sala Bolognese,EMILIA-ROMAGNA,ITALY
40011,44.55,Bologna,11.2,Anzola dell'Emilia,EMILIA-ROMAGNA,ITALY
40012,44.5,Bologna,11.35,Bologna,EMILIA-ROMAGNA,ITALY
40012,44.56,Bologna,11.26,Calderara di Reno,EMILIA-ROMAGNA,ITALY
40013,44.56,Bologna,11.36,Castel Maggiore,EMILIA-ROMAGNA,ITALY
40013,44.5,Bologna,11.35,Bologna,EMILIA-ROMAGNA,ITALY
40014,44.71,Bologna,11.15,Crevalcore,EMILIA-ROMAGNA,ITALY
40015,44.75,Bologna,11.4,Galliera,EMILIA-ROMAGNA,ITALY
40016,44.65,Bologna,11.38,San Giorgio di Piano,EMILIA-ROMAGNA,ITALY
40017,44.63,Bologna,11.18,San Giovanni in Persiceto,EMILIA-ROMAGNA,ITALY
40018,44.7,Bologna,11.4,San Pietro in Casale,EMILIA-ROMAGNA,ITALY
40019,44.66,Bologna,11.13,Sant'Agata Bolognese,EMILIA-ROMAGNA,ITALY
40020,44.3,Bologna,11.63,Casalfiumanese,EMILIA-ROMAGNA,ITALY
40021,44.28,Bologna,11.58,Borgo Tossignano,EMILIA-ROMAGNA,ITALY
40022,44.27,Bologna,11,Castel del Rio,EMILIA-ROMAGNA,ITALY
40023,44.43,Bologna,11.68,Castel Guelfo di Bologna,EMILIA-ROMAGNA,ITALY
40024,44.4,Bologna,11.58,Castel San Pietro Terme,EMILIA-ROMAGNA,ITALY
40025,44.26,Bologna,11.56,Fontanelice,EMILIA-ROMAGNA,ITALY
40026,44.33,Bologna,11.7,Imola,EMILIA-ROMAGNA,ITALY
40027,44.4,Bologna,11.81,Mordano,EMILIA-ROMAGNA,ITALY
40030,44.25,Bologna,11.15,Grizzana Morandi,EMILIA-ROMAGNA,ITALY
40030,44.16,Bologna,11.03,Castel di Casio,EMILIA-ROMAGNA,ITALY
40032,44.16,Bologna,11.1,Camugnano,EMILIA-ROMAGNA,ITALY
40033,44.48,Bologna,11.28,Casalecchio di Reno,EMILIA-ROMAGNA,ITALY
40034,44.27,Bologna,11,Castel d'Aiano,EMILIA-ROMAGNA,ITALY
40035,44.15,Bologna,11.15,Castiglione dei Pepoli,EMILIA-ROMAGNA,ITALY
40036,44.28,Bologna,11.26,Monzuno,EMILIA-ROMAGNA,ITALY
40037,44.4,Bologna,11.25,Sasso Marconi,EMILIA-ROMAGNA,ITALY
40037,44.5,Bologna,11.35,Bologna,EMILIA-ROMAGNA,ITALY
40038,44.28,Bologna,11.11,Vergato,EMILIA-ROMAGNA,ITALY
40040,44.28,Bologna,11.2,RIOVEGGIO,EMILIA-ROMAGNA,ITALY
40041,44.2,Bologna,10.93,Gaggio Montano,EMILIA-ROMAGNA,ITALY
40042,44.16,Bologna,10.9,Lizzano in Belvedere,EMILIA-ROMAGNA,ITALY
40043,44.33,Bologna,11.2,Marzabotto,EMILIA-ROMAGNA,ITALY
40044,44.43,Bologna,11.27,PONTECCHIO MARCONI,EMILIA-ROMAGNA,ITALY
40045,44.11,Bologna,10.96,Granaglione,EMILIA-ROMAGNA,ITALY
40046,44.16,Bologna,10.98,Porretta Terme,EMILIA-ROMAGNA,ITALY
40047,39.99,Bologna,8.54,RIOLA,EMILIA-ROMAGNA,ITALY
40048,44.21,Bologna,11.23,San Benedetto Val di Sambro,EMILIA-ROMAGNA,ITALY
40050,44.46,Bologna,11.1,Monteveglio,EMILIA-ROMAGNA,ITALY
40050,44.26,Bologna,11.31,Loiano,EMILIA-ROMAGNA,ITALY
40050,44.46,Bologna,11.2,Monte San Pietro,EMILIA-ROMAGNA,ITALY
40050,44.68,Bologna,11.3,Castello d'Argile,EMILIA-ROMAGNA,ITALY
40050,44.33,Bologna,11.4,Monterenzio,EMILIA-ROMAGNA,ITALY
40050,44.65,Bologna,11.35,Argelato,EMILIA-ROMAGNA,ITALY
40050,44.44,Bologna,11.07,Castello di Serravalle,EMILIA-ROMAGNA,ITALY
40051,44.71,Bologna,11.53,Malalbergo,EMILIA-ROMAGNA,ITALY
40052,44.65,Bologna,11.53,Baricella,EMILIA-ROMAGNA,ITALY
40053,44.51,Bologna,11.08,Bazzano,EMILIA-ROMAGNA,ITALY
40054,44.55,Bologna,11.53,Budrio,EMILIA-ROMAGNA,ITALY
40055,44.51,Bologna,11.46,Castenaso,EMILIA-ROMAGNA,ITALY
40056,44.51,Bologna,11.13,Crespellano,EMILIA-ROMAGNA,ITALY
40057,44.55,Bologna,11.45,Granarolo dell'Emilia,EMILIA-ROMAGNA,ITALY
40059,44.48,Bologna,11.63,Medicina,EMILIA-ROMAGNA,ITALY
40060,44.36,Bologna,11.63,Dozza,EMILIA-ROMAGNA,ITALY
40060,44.4,Bologna,11.08,Savigno,EMILIA-ROMAGNA,ITALY
40061,44.61,Bologna,11.48,Minerbio,EMILIA-ROMAGNA,ITALY
40062,44.61,Bologna,11.66,Molinella,EMILIA-ROMAGNA,ITALY
40063,44.21,Bologna,11.31,Monghidoro,EMILIA-ROMAGNA,ITALY
40064,44.45,Bologna,11.48,Ozzano dell'Emilia,EMILIA-ROMAGNA,ITALY
40065,44.38,Bologna,11.33,Pianoro,EMILIA-ROMAGNA,ITALY
40066,44.71,Bologna,11.31,Pieve di Cento,EMILIA-ROMAGNA,ITALY
40067,44.44,Bologna,11.35,RASTIGNANO,EMILIA-ROMAGNA,ITALY
40068,44.5,Bologna,11.35,Bologna,EMILIA-ROMAGNA,ITALY
40068,44.46,Bologna,11.4,San Lazzaro di Savena,EMILIA-ROMAGNA,ITALY
40069,44.5,Bologna,11.21,Zola Predosa,EMILIA-ROMAGNA,ITALY
40069,44.5,Bologna,11.35,Bologna,EMILIA-ROMAGNA,ITALY
40100,44.5,Bologna,11.35,Bologna,EMILIA-ROMAGNA,ITALY
40121,44.5,Bologna,11.35,Bologna,EMILIA-ROMAGNA,ITALY
40122,44.5,Bologna,11.35,Bologna,EMILIA-ROMAGNA,ITALY
40123,44.5,Bologna,11.35,Bologna,EMILIA-ROMAGNA,ITALY
40124,44.5,Bologna,11.35,Bologna,EMILIA-ROMAGNA,ITALY
40125,44.5,Bologna,11.35,Bologna,EMILIA-ROMAGNA,ITALY
40126,44.5,Bologna,11.35,Bologna,EMILIA-ROMAGNA,ITALY
40127,44.5,Bologna,11.35,Bologna,EMILIA-ROMAGNA,ITALY
40127,44.86,Bologna,10.05,SAN DONNINO,EMILIA-ROMAGNA,ITALY
40128,44.5,Bologna,11.35,Bologna,EMILIA-ROMAGNA,ITALY
40128,44.37,Bologna,9.15,CORTICELLA,EMILIA-ROMAGNA,ITALY
40129,44.5,Bologna,11.35,Bologna,EMILIA-ROMAGNA,ITALY
40131,44.5,Bologna,11.35,Bologna,EMILIA-ROMAGNA,ITALY
40131,11.35,Bologna,44.5,Bertalia,EMILIA-ROMAGNA,ITALY
40132,44.51,Bologna,11.26,BORGO PANIGALE,EMILIA-ROMAGNA,ITALY
40132,44.5,Bologna,11.35,Bologna,EMILIA-ROMAGNA,ITALY
40133,44.5,Bologna,11.35,Bologna,EMILIA-ROMAGNA,ITALY
40134,44.5,Bologna,11.35,Bologna,EMILIA-ROMAGNA,ITALY
40135,44.03,Bologna,11.51,CASAGLIA,EMILIA-ROMAGNA,ITALY
40135,44.5,Bologna,11.35,Bologna,EMILIA-ROMAGNA,ITALY
40136,11.35,Bologna,44.5,Gaibola,EMILIA-ROMAGNA,ITALY
40136,44.5,Bologna,11.35,Bologna,EMILIA-ROMAGNA,ITALY
40137,44.5,Bologna,11.35,Bologna,EMILIA-ROMAGNA,ITALY
40138,44.5,Bologna,11.35,Bologna,EMILIA-ROMAGNA,ITALY
40138,46.06,Bologna,11.41,ROVERI,EMILIA-ROMAGNA,ITALY
40139,44.5,Bologna,11.35,Bologna,EMILIA-ROMAGNA,ITALY
40141,44.5,Bologna,11.35,Bologna,EMILIA-ROMAGNA,ITALY
40141,11.35,Bologna,44.5,Monte Donato,EMILIA-ROMAGNA,ITALY
41010,44.57,Modena,11.11,CAVAZZONA,EMILIA-ROMAGNA,ITALY
41011,44.68,Modena,10.85,Campogalliano,EMILIA-ROMAGNA,ITALY
41012,44.78,Modena,10.88,Carpi,EMILIA-ROMAGNA,ITALY
41013,44.6,Modena,11.05,Castelfranco Emilia,EMILIA-ROMAGNA,ITALY
41014,44.5,Modena,10.95,Castelvetro di Modena,EMILIA-ROMAGNA,ITALY
41015,44.68,Modena,11.03,Nonantola,EMILIA-ROMAGNA,ITALY
41016,44.88,Modena,10.9,Novi di Modena,EMILIA-ROMAGNA,ITALY
41017,44.71,Modena,11.1,Ravarino,EMILIA-ROMAGNA,ITALY
41018,44.56,Modena,11.03,San Cesario sul Panaro,EMILIA-ROMAGNA,ITALY
41019,44.73,Modena,10.93,Soliera,EMILIA-ROMAGNA,ITALY
41020,44.23,Modena,10.65,Riolunato,EMILIA-ROMAGNA,ITALY
41021,44.21,Modena,10.79,Fanano,EMILIA-ROMAGNA,ITALY
41022,44.18,Modena,10.65,Fiumalbo,EMILIA-ROMAGNA,ITALY
41023,44.3,Modena,10.73,Lama Mocogno,EMILIA-ROMAGNA,ITALY
41024,44.26,Modena,10.64,BARIGAZZO,EMILIA-ROMAGNA,ITALY
41025,44.25,Modena,10.71,Montecreto,EMILIA-ROMAGNA,ITALY
41026,44.33,Modena,10.83,Pavullo nel Frignano,EMILIA-ROMAGNA,ITALY
41027,44.2,Modena,10.61,Pievepelago,EMILIA-ROMAGNA,ITALY
41028,44.41,Modena,10.8,Serramazzoni,EMILIA-ROMAGNA,ITALY
41029,44.23,Modena,10.76,Sestola,EMILIA-ROMAGNA,ITALY
41030,44.78,Modena,11.01,San Prospero,EMILIA-ROMAGNA,ITALY
41030,44.73,Modena,11,Bastiglia,EMILIA-ROMAGNA,ITALY
41030,44.73,Modena,11.03,Bomporto,EMILIA-ROMAGNA,ITALY
41031,44.78,Modena,11.13,Camposanto,EMILIA-ROMAGNA,ITALY
41032,44.83,Modena,11.03,Cavezzo,EMILIA-ROMAGNA,ITALY
41033,44.91,Modena,10.98,Concordia sulla Secchia,EMILIA-ROMAGNA,ITALY
41034,44.83,Modena,11.28,Finale Emilia,EMILIA-ROMAGNA,ITALY
41035,44.85,Modena,11.21,MASSA FINALESE,EMILIA-ROMAGNA,ITALY
41036,44.85,Modena,11.06,Medolla,EMILIA-ROMAGNA,ITALY
41037,44.86,Modena,11.06,Mirandola,EMILIA-ROMAGNA,ITALY
41038,44.83,Modena,11.13,San Felice sul Panaro,EMILIA-ROMAGNA,ITALY
41039,44.88,Modena,11.03,San Possidonio,EMILIA-ROMAGNA,ITALY
41040,44.35,Modena,10.71,Polinago,EMILIA-ROMAGNA,ITALY
41041,44.59,Modena,10.85,CASINALBO,EMILIA-ROMAGNA,ITALY
41042,44.53,Modena,10.81,Fiorano Modenese,EMILIA-ROMAGNA,ITALY
41043,44.56,Modena,10.85,Formigine,EMILIA-ROMAGNA,ITALY
41044,44.3,Modena,10.56,Frassinoro,EMILIA-ROMAGNA,ITALY
41045,44.35,Modena,10.61,Montefiorino,EMILIA-ROMAGNA,ITALY
41046,44.31,Modena,10.65,Palagano,EMILIA-ROMAGNA,ITALY
41047,44.22,Modena,10.51,PIANDELAGOTTI,EMILIA-ROMAGNA,ITALY
41048,44.43,Modena,10.68,Prignano sulla Secchia,EMILIA-ROMAGNA,ITALY
41049,44.55,Modena,10.78,Sassuolo,EMILIA-ROMAGNA,ITALY
41050,10.93,Modena,44.65,Castellino delle Formiche,EMILIA-ROMAGNA,ITALY
41051,44.55,Modena,10.93,Castelnuovo Rangone,EMILIA-ROMAGNA,ITALY
41052,44.41,Modena,10.96,Guiglia,EMILIA-ROMAGNA,ITALY
41053,44.53,Modena,10.86,Maranello,EMILIA-ROMAGNA,ITALY
41054,44.45,Modena,10.96,Marano sul Panaro,EMILIA-ROMAGNA,ITALY
41055,44.26,Modena,10.93,Montese,EMILIA-ROMAGNA,ITALY
41056,44.48,Modena,11.03,Savignano sul Panaro,EMILIA-ROMAGNA,ITALY
41057,44.53,Modena,11.01,Spilamberto,EMILIA-ROMAGNA,ITALY
41058,44.48,Modena,10.95,Vignola,EMILIA-ROMAGNA,ITALY
41059,44.35,Modena,10.83,Zocca,EMILIA-ROMAGNA,ITALY
41100,44.65,Modena,10.93,Modena,EMILIA-ROMAGNA,ITALY
42010,44.38,Reggio nell'Emilia,10.56,Toano,EMILIA-ROMAGNA,ITALY
42010,44.81,Reggio nell'Emilia,10.8,Rio Saliceto,EMILIA-ROMAGNA,ITALY
42011,44.76,Reggio nell'Emilia,10.68,Bagnolo in Piano,EMILIA-ROMAGNA,ITALY
42012,44.83,Reggio nell'Emilia,10.76,Campagnola Emilia,EMILIA-ROMAGNA,ITALY
42013,44.58,Reggio nell'Emilia,10.73,Casalgrande,EMILIA-ROMAGNA,ITALY
42014,44.57,Reggio nell'Emilia,10.79,Castellarano,EMILIA-ROMAGNA,ITALY
42015,44.76,Reggio nell'Emilia,10.78,Correggio,EMILIA-ROMAGNA,ITALY
42016,44.91,Reggio nell'Emilia,10.66,Guastalla,EMILIA-ROMAGNA,ITALY
42017,44.85,Reggio nell'Emilia,10.73,Novellara,EMILIA-ROMAGNA,ITALY
42018,44.73,Reggio nell'Emilia,10.78,San Martino in Rio,EMILIA-ROMAGNA,ITALY
42019,44.6,Reggio nell'Emilia,10.68,Scandiano,EMILIA-ROMAGNA,ITALY
42020,44.48,Reggio nell'Emilia,10.33,Vetto,EMILIA-ROMAGNA,ITALY
42020,44.63,Reggio nell'Emilia,10.46,Quattro Castella,EMILIA-ROMAGNA,ITALY
42020,44.63,Reggio nell'Emilia,10.43,San Polo d'Enza,EMILIA-ROMAGNA,ITALY
42020,44.61,Reggio nell'Emilia,10.6,Albinea,EMILIA-ROMAGNA,ITALY
42021,44.66,Reggio nell'Emilia,10.46,Bibbiano,EMILIA-ROMAGNA,ITALY
42022,44.9,Reggio nell'Emilia,10.55,Boretto,EMILIA-ROMAGNA,ITALY
42023,44.76,Reggio nell'Emilia,10.6,Cadelbosco di Sopra,EMILIA-ROMAGNA,ITALY
42024,44.81,Reggio nell'Emilia,10.56,Castelnovo di Sotto,EMILIA-ROMAGNA,ITALY
42025,44.7,Reggio nell'Emilia,10.53,Cavriago,EMILIA-ROMAGNA,ITALY
42026,44.6,Reggio nell'Emilia,10.41,Canossa,EMILIA-ROMAGNA,ITALY
42027,44.69,Reggio nell'Emilia,10.44,Montecchio Emilia,EMILIA-ROMAGNA,ITALY
42028,44.83,Reggio nell'Emilia,10.55,Poviglio,EMILIA-ROMAGNA,ITALY
42029,45.22,Reggio nell'Emilia,10.75,MARMIROLO,EMILIA-ROMAGNA,ITALY
42030,44.41,Reggio nell'Emilia,10.26,Ramiseto,EMILIA-ROMAGNA,ITALY
42030,44.36,Reggio nell'Emilia,10.45,Villa Minozzo,EMILIA-ROMAGNA,ITALY
42030,44.56,Reggio nell'Emilia,10.58,Viano,EMILIA-ROMAGNA,ITALY
42030,44.6,Reggio nell'Emilia,10.55,Vezzano sul Crostolo,EMILIA-ROMAGNA,ITALY
42031,44.5,Reggio nell'Emilia,10.6,Baiso,EMILIA-ROMAGNA,ITALY
42032,44.36,Reggio nell'Emilia,10.31,Busana,EMILIA-ROMAGNA,ITALY
42033,44.45,Reggio nell'Emilia,10.51,Carpineti,EMILIA-ROMAGNA,ITALY
42034,44.51,Reggio nell'Emilia,10.48,Casina,EMILIA-ROMAGNA,ITALY
42035,44.43,Reggio nell'Emilia,10.4,Castelnovo ne' Monti,EMILIA-ROMAGNA,ITALY
42036,44.38,Reggio nell'Emilia,10.33,CERVAREZZA,EMILIA-ROMAGNA,ITALY
42037,44.35,Reggio nell'Emilia,10.26,Collagna,EMILIA-ROMAGNA,ITALY
42038,44.45,Reggio nell'Emilia,10.45,FELINA,EMILIA-ROMAGNA,ITALY
42039,44.31,Reggio nell'Emilia,10.33,Ligonchio,EMILIA-ROMAGNA,ITALY
42040,44.78,Reggio nell'Emilia,10.53,Campegine,EMILIA-ROMAGNA,ITALY
42041,44.9,Reggio nell'Emilia,10.51,Brescello,EMILIA-ROMAGNA,ITALY
42042,44.86,Reggio nell'Emilia,10.8,Fabbrico,EMILIA-ROMAGNA,ITALY
42043,44.8,Reggio nell'Emilia,10.46,Gattatico,EMILIA-ROMAGNA,ITALY
42044,44.9,Reggio nell'Emilia,10.63,Gualtieri,EMILIA-ROMAGNA,ITALY
42045,44.96,Reggio nell'Emilia,10.68,Luzzara,EMILIA-ROMAGNA,ITALY
42046,44.91,Reggio nell'Emilia,10.81,Reggiolo,EMILIA-ROMAGNA,ITALY
42047,44.88,Reggio nell'Emilia,10.85,Rolo,EMILIA-ROMAGNA,ITALY
42048,44.65,Reggio nell'Emilia,10.78,Rubiera,EMILIA-ROMAGNA,ITALY
42049,44.76,Reggio nell'Emilia,10.45,Sant'Ilario d'Enza,EMILIA-ROMAGNA,ITALY
42100,44.7,Reggio nell'Emilia,10.63,Reggio nell'Emilia,EMILIA-ROMAGNA,ITALY
43010,44.85,Parma,10.16,Fontevivo,EMILIA-ROMAGNA,ITALY
43010,45.01,Parma,10.13,Zibello,EMILIA-ROMAGNA,ITALY
43010,44.93,Parma,10.26,Trecasali,EMILIA-ROMAGNA,ITALY
43010,44.41,Parma,10.11,Monchio delle Corti,EMILIA-ROMAGNA,ITALY
43010,45,Parma,10.21,Roccabianca,EMILIA-ROMAGNA,ITALY
43010,45.01,Parma,10.08,Polesine Parmense,EMILIA-ROMAGNA,ITALY
43011,44.98,Parma,10.05,Busseto,EMILIA-ROMAGNA,ITALY
43012,44.88,Parma,10.18,Fontanellato,EMILIA-ROMAGNA,ITALY
43013,44.61,Parma,10.26,Langhirano,EMILIA-ROMAGNA,ITALY
43014,44.75,Parma,10.13,Medesano,EMILIA-ROMAGNA,ITALY
43015,44.81,Parma,10.18,Noceto,EMILIA-ROMAGNA,ITALY
43016,44.81,Parma,10.27,SAN PANCRAZIO PARMENSE,EMILIA-ROMAGNA,ITALY
43017,44.91,Parma,10.23,San Secondo Parmense,EMILIA-ROMAGNA,ITALY
43018,44.96,Parma,10.26,Sissa,EMILIA-ROMAGNA,ITALY
43019,44.93,Parma,10.11,Soragna,EMILIA-ROMAGNA,ITALY
43020,44.7,Parma,10.4,BASILICAGOIANO,EMILIA-ROMAGNA,ITALY
43021,44.48,Parma,10.08,Corniglio,EMILIA-ROMAGNA,ITALY
43022,44.7,Parma,10.41,Montechiarugolo,EMILIA-ROMAGNA,ITALY
43023,44.7,Parma,10.41,Monticelli Terme di Montechiarugolo,EMILIA-ROMAGNA,ITALY
43024,44.58,Parma,10.31,Neviano degli Arduini,EMILIA-ROMAGNA,ITALY
43025,44.43,Parma,10.2,Palanzano,EMILIA-ROMAGNA,ITALY
43026,44.26,Parma,9.46,San Lazzaro Parmense,EMILIA-ROMAGNA,ITALY
43027,44.75,Parma,11.46,SAN PROSPERO PARMENSE,EMILIA-ROMAGNA,ITALY
43028,44.51,Parma,10.2,Tizzano Val Parma,EMILIA-ROMAGNA,ITALY
43029,44.63,Parma,10.38,Traversetolo,EMILIA-ROMAGNA,ITALY
43030,44.91,Parma,10.31,Torrile,EMILIA-ROMAGNA,ITALY
43030,44.6,Parma,10.11,Calestano,EMILIA-ROMAGNA,ITALY
43030,44.71,Parma,9.8,Bore,EMILIA-ROMAGNA,ITALY
43031,44.85,Parma,10.3,BAGANZOLA,EMILIA-ROMAGNA,ITALY
43032,44.63,Parma,9.73,Bardi,EMILIA-ROMAGNA,ITALY
43033,44.96,Parma,10.31,COLTARO,EMILIA-ROMAGNA,ITALY
43035,44.7,Parma,10.25,Felino,EMILIA-ROMAGNA,ITALY
43036,44.86,Parma,10.06,Fidenza,EMILIA-ROMAGNA,ITALY
43037,44.65,Parma,10.3,Lesignano de' Bagni,EMILIA-ROMAGNA,ITALY
43038,44.71,Parma,10.23,Sala Baganza,EMILIA-ROMAGNA,ITALY
43039,44.81,Parma,9.98,Salsomaggiore Terme,EMILIA-ROMAGNA,ITALY
43040,44.68,Parma,10.01,Varano de' Melegari,EMILIA-ROMAGNA,ITALY
43040,44.61,Parma,10.08,Terenzo,EMILIA-ROMAGNA,ITALY
43040,44.61,Parma,9.98,Solignano,EMILIA-ROMAGNA,ITALY
43041,44.5,Parma,9.63,Bedonia,EMILIA-ROMAGNA,ITALY
43042,44.51,Parma,9.98,Berceto,EMILIA-ROMAGNA,ITALY
43043,44.48,Parma,9.76,Borgo Val di Taro,EMILIA-ROMAGNA,ITALY
43044,44.75,Parma,10.21,Collecchio,EMILIA-ROMAGNA,ITALY
43045,44.68,Parma,10.1,Fornovo di Taro,EMILIA-ROMAGNA,ITALY
43046,44.45,Parma,11.46,OZZANO TARO,EMILIA-ROMAGNA,ITALY
43047,44.73,Parma,9.93,Pellegrino Parmense,EMILIA-ROMAGNA,ITALY
43049,44.66,Parma,9.85,Varsi,EMILIA-ROMAGNA,ITALY
43050,44.56,Parma,9.88,Valmozzola,EMILIA-ROMAGNA,ITALY
43051,44.45,Parma,9.7,Albareto,EMILIA-ROMAGNA,ITALY
43052,44.93,Parma,10.38,Colorno,EMILIA-ROMAGNA,ITALY
43053,44.5,Parma,9.66,Compiano,EMILIA-ROMAGNA,ITALY
43054,44.91,Parma,10.45,MEZZANO INFERIORE,EMILIA-ROMAGNA,ITALY
43055,44.91,Parma,10.43,Mezzani,EMILIA-ROMAGNA,ITALY
43056,45.51,Parma,10.26,SAN POLO,EMILIA-ROMAGNA,ITALY
43057,44.43,Parma,9.48,SANTA MARIA DEL TARO,EMILIA-ROMAGNA,ITALY
43058,44.85,Parma,10.45,Sorbolo,EMILIA-ROMAGNA,ITALY
43059,44.48,Parma,9.63,Tornolo,EMILIA-ROMAGNA,ITALY
43100,44.8,Parma,10.33,Parma,EMILIA-ROMAGNA,ITALY
44010,44.56,Ferrara,12.07,ANITA,EMILIA-ROMAGNA,ITALY
44011,44.61,Ferrara,11.85,Argenta,EMILIA-ROMAGNA,ITALY
44012,44.88,Ferrara,11.41,Bondeno,EMILIA-ROMAGNA,ITALY
44013,44.64,Ferrara,11.8,BOCCALEONE,EMILIA-ROMAGNA,ITALY
44014,44.58,Ferrara,12.01,LONGASTRINO,EMILIA-ROMAGNA,ITALY
44015,44.7,Ferrara,11.8,Portomaggiore,EMILIA-ROMAGNA,ITALY
44016,45.21,Ferrara,8.96,SAN BIAGIO,EMILIA-ROMAGNA,ITALY
44017,44.88,Ferrara,11.33,SCORTICHINO,EMILIA-ROMAGNA,ITALY
44018,44.86,Ferrara,11.51,VIGARANO PIEVE,EMILIA-ROMAGNA,ITALY
44019,44.76,Ferrara,11.75,Voghiera,EMILIA-ROMAGNA,ITALY
44020,44.8,Ferrara,11.8,Masi Torello,EMILIA-ROMAGNA,ITALY
44020,44.8,Ferrara,11.96,Migliaro,EMILIA-ROMAGNA,ITALY
44020,44.75,Ferrara,11.93,Ostellato,EMILIA-ROMAGNA,ITALY
44020,44.85,Ferrara,12.3,Goro,EMILIA-ROMAGNA,ITALY
44021,44.83,Ferrara,12.11,Codigoro,EMILIA-ROMAGNA,ITALY
44022,44.7,Ferrara,12.18,Comacchio,EMILIA-ROMAGNA,ITALY
44023,44.76,Ferrara,12.13,Lagosanto,EMILIA-ROMAGNA,ITALY
44024,44.67,Ferrara,12.24,LIDO DEGLI ESTENSI,EMILIA-ROMAGNA,ITALY
44025,44.8,Ferrara,12.01,Massa Fiscaglia,EMILIA-ROMAGNA,ITALY
44026,44.91,Ferrara,12.23,Mesola,EMILIA-ROMAGNA,ITALY
44027,44.76,Ferrara,11.93,Migliarino,EMILIA-ROMAGNA,ITALY
44028,44.76,Ferrara,11.5,Poggio Renatico,EMILIA-ROMAGNA,ITALY
44030,44.93,Ferrara,11.75,Ro,EMILIA-ROMAGNA,ITALY
44031,44.91,Ferrara,11.91,AMBROGIO,EMILIA-ROMAGNA,ITALY
44032,44.85,Ferrara,11.72,BAURA,EMILIA-ROMAGNA,ITALY
44033,44.98,Ferrara,11.96,Berra,EMILIA-ROMAGNA,ITALY
44034,44.9,Ferrara,11.83,Copparo,EMILIA-ROMAGNA,ITALY
44035,44.85,Ferrara,11.86,Formignana,EMILIA-ROMAGNA,ITALY
44036,44.9,Ferrara,11.66,FRANCOLINO,EMILIA-ROMAGNA,ITALY
44037,44.88,Ferrara,11.98,Jolanda di Savoia,EMILIA-ROMAGNA,ITALY
44038,44.87,Ferrara,11.6,PONTELAGOSCURO,EMILIA-ROMAGNA,ITALY
44039,44.81,Ferrara,11.9,Tresigallo,EMILIA-ROMAGNA,ITALY
44041,44.83,Ferrara,11.36,CASUMARO,EMILIA-ROMAGNA,ITALY
44042,44.73,Ferrara,11.28,Cento,EMILIA-ROMAGNA,ITALY
44043,44.81,Ferrara,11.46,Mirabello,EMILIA-ROMAGNA,ITALY
44044,46.36,Ferrara,10.95,CASSANA,EMILIA-ROMAGNA,ITALY
44045,44.76,Ferrara,11.28,RENAZZO,EMILIA-ROMAGNA,ITALY
44046,44.75,Ferrara,11.56,MONTALBANO,EMILIA-ROMAGNA,ITALY
44047,44.8,Ferrara,11.38,Sant'Agostino,EMILIA-ROMAGNA,ITALY
44048,44.66,Ferrara,11.64,SANTA MARIA CODIFIUME,EMILIA-ROMAGNA,ITALY
44049,44.85,Ferrara,11.5,Vigarano Mainarda,EMILIA-ROMAGNA,ITALY
44100,44.83,Ferrara,11.61,Ferrara,EMILIA-ROMAGNA,ITALY
45010,45.01,Rovigo,11.91,Gavello,VENETO,ITALY
45010,45.06,Rovigo,12.23,Rosolina,VENETO,ITALY
45010,45.06,Rovigo,11.9,Villadose,VENETO,ITALY
45010,45.03,Rovigo,11.86,Ceregnano,VENETO,ITALY
45010,45.13,Rovigo,12.05,Pettorazza Grimani,VENETO,ITALY
45010,44.98,Rovigo,12.03,Papozze,VENETO,ITALY
45011,45.05,Rovigo,12.05,Adria,VENETO,ITALY
45012,44.95,Rovigo,12.11,Ariano nel Polesine,VENETO,ITALY
45013,45.02,Rovigo,12.08,BOTTRIGHE,VENETO,ITALY
45014,45.01,Rovigo,12.21,Porto Viro,VENETO,ITALY
45015,45,Rovigo,12.08,Corbola,VENETO,ITALY
45017,45.06,Rovigo,12.2,Loreo,VENETO,ITALY
45018,44.95,Rovigo,12.31,Porto Tolle,VENETO,ITALY
45019,45,Rovigo,12.21,Taglio di Po,VENETO,ITALY
45020,45.03,Rovigo,11.58,San Bellino,VENETO,ITALY
45020,45.01,Rovigo,11.53,Castelguglielmo,VENETO,ITALY
45020,45.06,Rovigo,11.65,Villanova del Ghebbo,VENETO,ITALY
45020,45.03,Rovigo,11.51,Canda,VENETO,ITALY
45020,45.06,Rovigo,11.45,Giacciano con Baruchella,VENETO,ITALY
45020,45,Rovigo,11.61,Pincara,VENETO,ITALY
45020,45.1,Rovigo,11.66,Lusia,VENETO,ITALY
45021,45.1,Rovigo,11.5,Badia Polesine,VENETO,ITALY
45022,45.01,Rovigo,11.5,Bagnolo di Po,VENETO,ITALY
45023,45.05,Rovigo,11.7,Costa di Rovigo,VENETO,ITALY
45024,44.96,Rovigo,11.6,Fiesso Umbertiano,VENETO,ITALY
45025,45.03,Rovigo,11.65,Fratta Polesine,VENETO,ITALY
45026,45.08,Rovigo,11.6,Lendinara,VENETO,ITALY
45027,45.03,Rovigo,11.45,Trecenta,VENETO,ITALY
45030,45.13,Rovigo,11.86,San Martino di Venezze,VENETO,ITALY
45030,45.01,Rovigo,11.81,Pontecchio Polesine,VENETO,ITALY
45030,45.01,Rovigo,11.68,Villamarzana,VENETO,ITALY
45030,44.98,Rovigo,11.43,Salara,VENETO,ITALY
45030,44.98,Rovigo,11.8,Guarda Veneta,VENETO,ITALY
45030,44.91,Rovigo,11.58,Occhiobello,VENETO,ITALY
45030,44.95,Rovigo,11.48,Gaiba,VENETO,ITALY
45030,45,Rovigo,11.7,Frassinelle Polesine,VENETO,ITALY
45030,44.98,Rovigo,11.88,Crespino,VENETO,ITALY
45030,45.01,Rovigo,11.36,Ceneselli,VENETO,ITALY
45030,45,Rovigo,11.35,Calto,VENETO,ITALY
45030,45,Rovigo,11.96,Villanova Marchesana,VENETO,ITALY
45030,45.03,Rovigo,11.28,Castelnovo Bariano,VENETO,ITALY
45031,45.01,Rovigo,11.73,Arquà Polesine,VENETO,ITALY
45032,45.06,Rovigo,11.25,Bergantino,VENETO,ITALY
45033,45,Rovigo,11.76,Bosaro,VENETO,ITALY
45034,44.93,Rovigo,11.66,Canaro,VENETO,ITALY
45035,45.01,Rovigo,11.31,Castelmassa,VENETO,ITALY
45036,44.95,Rovigo,11.43,Ficarolo,VENETO,ITALY
45037,45.06,Rovigo,11.2,Melara,VENETO,ITALY
45038,44.96,Rovigo,11.75,Polesella,VENETO,ITALY
45039,44.93,Rovigo,11.55,Stienta,VENETO,ITALY
45100,45.06,Rovigo,11.78,Rovigo,VENETO,ITALY
46010,45.2,Mantova,10.48,Mariana Mantovana,LOMBARDIA,ITALY
46010,45.15,Mantova,10.71,Curtatone,LOMBARDIA,ITALY
46010,45.03,Mantova,10.55,Commessaggio,LOMBARDIA,ITALY
46010,45.16,Mantova,10.51,Redondesco,LOMBARDIA,ITALY
46010,45.06,Mantova,10.58,Gazzuolo,LOMBARDIA,ITALY
46010,45.11,Mantova,10.53,Marcaria,LOMBARDIA,ITALY
46010,45.1,Mantova,10.5,San Martino dall'Argine,LOMBARDIA,ITALY
46011,45.16,Mantova,10.43,Acquanegra sul Chiese,LOMBARDIA,ITALY
46012,45.1,Mantova,10.48,Bozzolo,LOMBARDIA,ITALY
46013,45.15,Mantova,10.38,Canneto sull'Oglio,LOMBARDIA,ITALY
46014,45.15,Mantova,10.65,Castellucchio,LOMBARDIA,ITALY
