92724,20.9667,-98.1667,VERACRUZ LLAVE,chicontepec
92725,20.9667,-98.1667,VERACRUZ LLAVE,chicontepec
92726,20.9667,-98.1667,VERACRUZ LLAVE,chicontepec
92727,20.9667,-98.1667,VERACRUZ LLAVE,chicontepec
92728,20.9667,-98.1667,VERACRUZ LLAVE,chicontepec
92730,21.0667,-97.6333,VERACRUZ LLAVE,temapache
92733,21.0667,-97.6333,VERACRUZ LLAVE,temapache
92734,21.0667,-97.6333,VERACRUZ LLAVE,temapache
92735,21.0667,-97.6333,VERACRUZ LLAVE,temapache
92736,21.0667,-97.6333,VERACRUZ LLAVE,temapache
92737,21.0667,-97.6333,VERACRUZ LLAVE,temapache
92740,21.0667,-97.6333,VERACRUZ LLAVE,temapache
92750,21.0667,-97.6333,VERACRUZ LLAVE,temapache
92752,21.0667,-97.6333,VERACRUZ LLAVE,temapache
92753,21.0667,-97.6333,VERACRUZ LLAVE,temapache
92754,21.0667,-97.6333,VERACRUZ LLAVE,temapache
92755,21.0667,-97.6333,VERACRUZ LLAVE,temapache
92756,21.0667,-97.6333,VERACRUZ LLAVE,temapache
92760,21.0667,-97.6333,VERACRUZ LLAVE,temapache
92762,21.0667,-97.6333,VERACRUZ LLAVE,temapache
92763,21.0667,-97.6333,VERACRUZ LLAVE,temapache
92769,21.0667,-97.6333,VERACRUZ LLAVE,temapache
92770,20.9500,-97.4000,VERACRUZ LLAVE,tuxpam
92772,20.9500,-97.4000,VERACRUZ LLAVE,tuxpam
92773,20.9500,-97.4000,VERACRUZ LLAVE,tuxpam
92774,20.9500,-97.4000,VERACRUZ LLAVE,tuxpam
92775,20.9500,-97.4000,VERACRUZ LLAVE,tuxpam
92776,20.9500,-97.4000,VERACRUZ LLAVE,tuxpam
92780,20.9500,-97.4000,VERACRUZ LLAVE,tuxpam
92783,20.9500,-97.4000,VERACRUZ LLAVE,tuxpam
92784,20.9500,-97.4000,VERACRUZ LLAVE,tuxpam
92785,20.9500,-97.4000,VERACRUZ LLAVE,tuxpam
92789,20.9500,-97.4000,VERACRUZ LLAVE,tuxpam
92800,20.9500,-97.4000,VERACRUZ LLAVE,tuxpam de rodriguez cano
92810,20.9500,-97.4000,VERACRUZ LLAVE,tuxpam de rodriguez cano
92820,20.9500,-97.4000,VERACRUZ LLAVE,tuxpam de rodriguez cano
92830,20.9500,-97.4000,VERACRUZ LLAVE,tuxpam de rodriguez cano
92834,20.9500,-97.4000,VERACRUZ LLAVE,tuxpam de rodriguez cano
92840,20.9500,-97.4000,VERACRUZ LLAVE,tuxpam de rodriguez cano
92845,20.9500,-97.4000,VERACRUZ LLAVE,tuxpam de rodriguez cano
92850,20.9500,-97.4000,VERACRUZ LLAVE,tuxpam de rodriguez cano
92853,20.9500,-97.4000,VERACRUZ LLAVE,tuxpam de rodriguez cano
92854,20.9500,-97.4000,VERACRUZ LLAVE,tuxpam de rodriguez cano
92860,20.9500,-97.4000,VERACRUZ LLAVE,tuxpam de rodriguez cano
92863,20.9500,-97.4000,VERACRUZ LLAVE,tuxpam de rodriguez cano
92870,20.9500,-97.4000,VERACRUZ LLAVE,tuxpam de rodriguez cano
92875,20.9500,-97.4000,VERACRUZ LLAVE,tuxpam de rodriguez cano
92876,20.9500,-97.4000,VERACRUZ LLAVE,tuxpam de rodriguez cano
92880,20.9500,-97.4000,VERACRUZ LLAVE,tuxpam de rodriguez cano
92883,20.9500,-97.4000,VERACRUZ LLAVE,tuxpam de rodriguez cano
92888,20.9500,-97.4000,VERACRUZ LLAVE,tuxpam de rodriguez cano
92890,20.9500,-97.4000,VERACRUZ LLAVE,tuxpam de rodriguez cano
92893,20.9500,-97.4000,VERACRUZ LLAVE,tuxpam de rodriguez cano
92894,20.9500,-97.4000,VERACRUZ LLAVE,tuxpam de rodriguez cano
92895,20.9500,-97.4000,VERACRUZ LLAVE,tuxpam de rodriguez cano
92900,20.7167,-97.5333,VERACRUZ LLAVE,tihuatlan
92902,20.7167,-97.5333,VERACRUZ LLAVE,tihuatlan
92903,20.7167,-97.5333,VERACRUZ LLAVE,tihuatlan
92904,20.7167,-97.5333,VERACRUZ LLAVE,tihuatlan
92905,20.7167,-97.5333,VERACRUZ LLAVE,tihuatlan
92906,20.7167,-97.5333,VERACRUZ LLAVE,tihuatlan
92907,20.7167,-97.5333,VERACRUZ LLAVE,tihuatlan
92909,20.7167,-97.5333,VERACRUZ LLAVE,tihuatlan
92910,20.7167,-97.5333,VERACRUZ LLAVE,tihuatlan
92911,20.7167,-97.5333,VERACRUZ LLAVE,tihuatlan
92912,20.7167,-97.5333,VERACRUZ LLAVE,tihuatlan
92913,20.7167,-97.5333,VERACRUZ LLAVE,tihuatlan
92916,20.7167,-97.5333,VERACRUZ LLAVE,tihuatlan
92917,20.7167,-97.5333,VERACRUZ LLAVE,tihuatlan
92930,20.7167,-97.5333,VERACRUZ LLAVE,tihuatlan
92933,20.7167,-97.5333,VERACRUZ LLAVE,tihuatlan
92934,20.7167,-97.5333,VERACRUZ LLAVE,tihuatlan
92935,20.7167,-97.5333,VERACRUZ LLAVE,tihuatlan
92936,20.7167,-97.5333,VERACRUZ LLAVE,tihuatlan
92937,20.7167,-97.5333,VERACRUZ LLAVE,tihuatlan
92940,20.7500,-97.6167,VERACRUZ LLAVE,castillo de teayo
92941,20.7500,-97.6167,VERACRUZ LLAVE,castillo de teayo
92970,20.7167,-97.3167,VERACRUZ LLAVE,cazones de herrera
92973,20.7167,-97.3167,VERACRUZ LLAVE,cazones de herrera
92974,20.7167,-97.3167,VERACRUZ LLAVE,cazones de herrera
92975,20.7167,-97.3167,VERACRUZ LLAVE,cazones de herrera
92977,20.7167,-97.3167,VERACRUZ LLAVE,cazones de herrera
92980,20.7167,-97.3167,VERACRUZ LLAVE,cazones de herrera
92983,20.7167,-97.3167,VERACRUZ LLAVE,cazones de herrera
92984,20.7167,-97.3167,VERACRUZ LLAVE,cazones de herrera
92985,20.7167,-97.3167,VERACRUZ LLAVE,cazones de herrera
92987,20.7167,-97.3167,VERACRUZ LLAVE,cazones de herrera
92990,20.7167,-97.3167,VERACRUZ LLAVE,cazones de herrera
92994,20.7167,-97.3167,VERACRUZ LLAVE,cazones de herrera
92997,20.7167,-97.3167,VERACRUZ LLAVE,cazones de herrera
93000,20.1500,-97.5833,VERACRUZ LLAVE,zozocolco de hidalgo
93003,20.1500,-97.5833,VERACRUZ LLAVE,zozocolco de hidalgo
93010,20.1500,-97.5833,VERACRUZ LLAVE,zozocolco de hidalgo
93015,20.1500,-97.5833,VERACRUZ LLAVE,zozocolco de hidalgo
93020,20.1500,-97.5833,VERACRUZ LLAVE,zozocolco de hidalgo
93030,20.1500,-97.5833,VERACRUZ LLAVE,zozocolco de hidalgo
93040,20.2167,-97.6000,VERACRUZ LLAVE,chumatlan
93041,20.2167,-97.6000,VERACRUZ LLAVE,chumatlan
93050,20.2167,-97.6000,VERACRUZ LLAVE,chumatlan
93060,20.1833,-97.5833,VERACRUZ LLAVE,coxquihui
93062,20.1833,-97.5833,VERACRUZ LLAVE,coxquihui
93063,20.1833,-97.5833,VERACRUZ LLAVE,coxquihui
93065,20.1833,-97.5833,VERACRUZ LLAVE,coxquihui
93068,20.1833,-97.5833,VERACRUZ LLAVE,coxquihui
93070,20.1833,-97.5833,VERACRUZ LLAVE,coxquihui
93071,20.1833,-97.5833,VERACRUZ LLAVE,coxquihui
93072,20.1833,-97.5833,VERACRUZ LLAVE,coxquihui
93074,20.1833,-97.5833,VERACRUZ LLAVE,coxquihui
93075,20.1833,-97.5833,VERACRUZ LLAVE,coxquihui
93076,20.1833,-97.5833,VERACRUZ LLAVE,coxquihui
93077,20.1833,-97.5833,VERACRUZ LLAVE,coxquihui
93080,20.2167,-97.6667,VERACRUZ LLAVE,mecatlan
93085,20.2167,-97.6667,VERACRUZ LLAVE,mecatlan
93086,20.2167,-97.6667,VERACRUZ LLAVE,mecatlan
93100,20.2000,-97.7000,VERACRUZ LLAVE,filomeno mata
93110,20.2000,-97.7000,VERACRUZ LLAVE,filomeno mata
93116,20.2000,-97.7000,VERACRUZ LLAVE,filomeno mata
93120,20.2583,-97.7167,VERACRUZ LLAVE,coahuitlan
93124,20.2583,-97.7167,VERACRUZ LLAVE,coahuitlan
93140,20.2500,-97.6500,VERACRUZ LLAVE,coyutla
93144,20.2500,-97.6500,VERACRUZ LLAVE,coyutla
93146,20.2500,-97.6500,VERACRUZ LLAVE,coyutla
93147,20.2500,-97.6500,VERACRUZ LLAVE,coyutla
93150,20.2500,-97.6500,VERACRUZ LLAVE,coyutla
93152,20.2500,-97.6500,VERACRUZ LLAVE,coyutla
93154,20.2500,-97.6500,VERACRUZ LLAVE,coyutla
93157,20.2500,-97.6500,VERACRUZ LLAVE,coyutla
93158,20.2500,-97.6500,VERACRUZ LLAVE,coyutla
93160,20.4833,-97.4500,VERACRUZ LLAVE,coatzintla
93162,20.4833,-97.4500,VERACRUZ LLAVE,coatzintla
93163,20.4833,-97.4500,VERACRUZ LLAVE,coatzintla
93164,20.4833,-97.4500,VERACRUZ LLAVE,coatzintla
93165,20.4833,-97.4500,VERACRUZ LLAVE,coatzintla
93166,20.4833,-97.4500,VERACRUZ LLAVE,coatzintla
93169,20.4833,-97.4500,VERACRUZ LLAVE,coatzintla
93170,20.4833,-97.4500,VERACRUZ LLAVE,coatzintla
93172,20.4833,-97.4500,VERACRUZ LLAVE,coatzintla
93173,20.4833,-97.4500,VERACRUZ LLAVE,coatzintla
93174,20.4833,-97.4500,VERACRUZ LLAVE,coatzintla
93175,20.4833,-97.4500,VERACRUZ LLAVE,coatzintla
93180,21.0500,-97.9500,VERACRUZ LLAVE,espinal
93181,21.0500,-97.9500,VERACRUZ LLAVE,espinal
93182,21.0500,-97.9500,VERACRUZ LLAVE,espinal
93183,21.0500,-97.9500,VERACRUZ LLAVE,espinal
93184,21.0500,-97.9500,VERACRUZ LLAVE,espinal
93185,21.0500,-97.9500,VERACRUZ LLAVE,espinal
93190,21.0500,-97.9500,VERACRUZ LLAVE,espinal
93193,21.0500,-97.9500,VERACRUZ LLAVE,espinal
93194,21.0500,-97.9500,VERACRUZ LLAVE,espinal
93195,21.0500,-97.9500,VERACRUZ LLAVE,espinal
93197,21.0500,-97.9500,VERACRUZ LLAVE,espinal
93198,21.0500,-97.9500,VERACRUZ LLAVE,espinal
93199,21.0500,-97.9500,VERACRUZ LLAVE,espinal
93200,20.5500,-97.4500,VERACRUZ LLAVE,poza rica (poza rica de hidalgo)
93210,20.5500,-97.4500,VERACRUZ LLAVE,poza rica (poza rica de hidalgo)
93213,20.5500,-97.4500,VERACRUZ LLAVE,poza rica (poza rica de hidalgo)
93215,20.5500,-97.4500,VERACRUZ LLAVE,poza rica (poza rica de hidalgo)
93220,20.5500,-97.4500,VERACRUZ LLAVE,poza rica (poza rica de hidalgo)
93228,20.5500,-97.4500,VERACRUZ LLAVE,poza rica (poza rica de hidalgo)
93229,20.5500,-97.4500,VERACRUZ LLAVE,poza rica (poza rica de hidalgo)
93230,20.5500,-97.4500,VERACRUZ LLAVE,poza rica (poza rica de hidalgo)
93235,20.5500,-97.4500,VERACRUZ LLAVE,poza rica (poza rica de hidalgo)
93236,20.5500,-97.4500,VERACRUZ LLAVE,poza rica (poza rica de hidalgo)
93240,20.5500,-97.4500,VERACRUZ LLAVE,poza rica (poza rica de hidalgo)
93247,20.5500,-97.4500,VERACRUZ LLAVE,poza rica (poza rica de hidalgo)
93248,20.5500,-97.4500,VERACRUZ LLAVE,poza rica (poza rica de hidalgo)
93249,20.5500,-97.4500,VERACRUZ LLAVE,poza rica (poza rica de hidalgo)
93250,20.5500,-97.4500,VERACRUZ LLAVE,poza rica (poza rica de hidalgo)
93260,20.5500,-97.4500,VERACRUZ LLAVE,poza rica (poza rica de hidalgo)
93269,20.5500,-97.4500,VERACRUZ LLAVE,poza rica (poza rica de hidalgo)
93270,20.5500,-97.4500,VERACRUZ LLAVE,poza rica (poza rica de hidalgo)
93276,20.5500,-97.4500,VERACRUZ LLAVE,poza rica (poza rica de hidalgo)
93279,20.5500,-97.4500,VERACRUZ LLAVE,poza rica (poza rica de hidalgo)
93280,20.5500,-97.4500,VERACRUZ LLAVE,poza rica (poza rica de hidalgo)
93290,20.5500,-97.4500,VERACRUZ LLAVE,poza rica (poza rica de hidalgo)
93294,20.5500,-97.4500,VERACRUZ LLAVE,poza rica (poza rica de hidalgo)
93295,20.5500,-97.4500,VERACRUZ LLAVE,poza rica (poza rica de hidalgo)
93300,20.5500,-97.4500,VERACRUZ LLAVE,poza rica (poza rica de hidalgo)
93305,20.5500,-97.4500,VERACRUZ LLAVE,poza rica (poza rica de hidalgo)
93306,20.5500,-97.4500,VERACRUZ LLAVE,poza rica (poza rica de hidalgo)
93308,20.5500,-97.4500,VERACRUZ LLAVE,poza rica (poza rica de hidalgo)
93310,20.5500,-97.4500,VERACRUZ LLAVE,poza rica (poza rica de hidalgo)
93319,20.5500,-97.4500,VERACRUZ LLAVE,poza rica (poza rica de hidalgo)
93320,20.5500,-97.4500,VERACRUZ LLAVE,poza rica (poza rica de hidalgo)
93327,20.5500,-97.4500,VERACRUZ LLAVE,poza rica (poza rica de hidalgo)
93330,20.5500,-97.4500,VERACRUZ LLAVE,poza rica (poza rica de hidalgo)
93340,20.5500,-97.4500,VERACRUZ LLAVE,poza rica (poza rica de hidalgo)
93350,20.5500,-97.4500,VERACRUZ LLAVE,poza rica (poza rica de hidalgo)
93360,20.5500,-97.4500,VERACRUZ LLAVE,poza rica (poza rica de hidalgo)
93367,20.5500,-97.4500,VERACRUZ LLAVE,poza rica (poza rica de hidalgo)
93368,20.5500,-97.4500,VERACRUZ LLAVE,poza rica (poza rica de hidalgo)
93369,20.5500,-97.4500,VERACRUZ LLAVE,poza rica (poza rica de hidalgo)
93370,20.5500,-97.4500,VERACRUZ LLAVE,poza rica (poza rica de hidalgo)
93380,20.5500,-97.4500,VERACRUZ LLAVE,poza rica (poza rica de hidalgo)
93384,20.5500,-97.4500,VERACRUZ LLAVE,poza rica (poza rica de hidalgo)
93386,20.5500,-97.4500,VERACRUZ LLAVE,poza rica (poza rica de hidalgo)
93387,20.5500,-97.4500,VERACRUZ LLAVE,poza rica (poza rica de hidalgo)
93388,20.5500,-97.4500,VERACRUZ LLAVE,poza rica (poza rica de hidalgo)
93389,20.5500,-97.4500,VERACRUZ LLAVE,poza rica (poza rica de hidalgo)
93390,20.5500,-97.4500,VERACRUZ LLAVE,poza rica (poza rica de hidalgo)
93393,20.5500,-97.4500,VERACRUZ LLAVE,poza rica (poza rica de hidalgo)
93396,20.5500,-97.4500,VERACRUZ LLAVE,poza rica (poza rica de hidalgo)
93397,20.5500,-97.4500,VERACRUZ LLAVE,poza rica (poza rica de hidalgo)
93398,20.5500,-97.4500,VERACRUZ LLAVE,poza rica (poza rica de hidalgo)
93399,20.5500,-97.4500,VERACRUZ LLAVE,poza rica (poza rica de hidalgo)
93400,20.4500,-97.3167,VERACRUZ LLAVE,papantla (papantla de olarte)
93410,20.4500,-97.3167,VERACRUZ LLAVE,papantla (papantla de olarte)
93413,20.4500,-97.3167,VERACRUZ LLAVE,papantla (papantla de olarte)
93418,20.4500,-97.3167,VERACRUZ LLAVE,papantla (papantla de olarte)
93419,20.4500,-97.3167,VERACRUZ LLAVE,papantla (papantla de olarte)
93420,20.4500,-97.3167,VERACRUZ LLAVE,papantla (papantla de olarte)
93425,20.4500,-97.3167,VERACRUZ LLAVE,papantla (papantla de olarte)
93426,20.4500,-97.3167,VERACRUZ LLAVE,papantla (papantla de olarte)
93427,20.4500,-97.3167,VERACRUZ LLAVE,papantla (papantla de olarte)
93428,20.4500,-97.3167,VERACRUZ LLAVE,papantla (papantla de olarte)
93429,20.4500,-97.3167,VERACRUZ LLAVE,papantla (papantla de olarte)
93430,20.4500,-97.3167,VERACRUZ LLAVE,papantla (papantla de olarte)
93438,20.4500,-97.3167,VERACRUZ LLAVE,papantla (papantla de olarte)
93439,20.4500,-97.3167,VERACRUZ LLAVE,papantla (papantla de olarte)
93440,20.4500,-97.3167,VERACRUZ LLAVE,papantla (papantla de olarte)
93449,20.4500,-97.3167,VERACRUZ LLAVE,papantla (papantla de olarte)
93450,20.4500,-97.3167,VERACRUZ LLAVE,papantla (papantla de olarte)
93457,20.4500,-97.3167,VERACRUZ LLAVE,papantla (papantla de olarte)
93458,20.4500,-97.3167,VERACRUZ LLAVE,papantla (papantla de olarte)
93460,20.4500,-97.3167,VERACRUZ LLAVE,papantla (papantla de olarte)
93466,20.4500,-97.3167,VERACRUZ LLAVE,papantla (papantla de olarte)
93467,20.4500,-97.3167,VERACRUZ LLAVE,papantla (papantla de olarte)
93468,20.4500,-97.3167,VERACRUZ LLAVE,papantla (papantla de olarte)
93470,20.4500,-97.3167,VERACRUZ LLAVE,papantla (papantla de olarte)
93477,20.4500,-97.3167,VERACRUZ LLAVE,papantla (papantla de olarte)
93478,20.4500,-97.3167,VERACRUZ LLAVE,papantla (papantla de olarte)
93479,20.4500,-97.3167,VERACRUZ LLAVE,papantla (papantla de olarte)
93480,20.4500,-97.3167,VERACRUZ LLAVE,papantla (papantla de olarte)
93484,20.4500,-97.3167,VERACRUZ LLAVE,papantla (papantla de olarte)
93485,20.4500,-97.3167,VERACRUZ LLAVE,papantla (papantla de olarte)
93486,20.4500,-97.3167,VERACRUZ LLAVE,papantla (papantla de olarte)
93487,20.4500,-97.3167,VERACRUZ LLAVE,papantla (papantla de olarte)
93488,20.4500,-97.3167,VERACRUZ LLAVE,papantla (papantla de olarte)
93489,20.4500,-97.3167,VERACRUZ LLAVE,papantla (papantla de olarte)
93490,20.4500,-97.3167,VERACRUZ LLAVE,papantla (papantla de olarte)
93498,20.4500,-97.3167,VERACRUZ LLAVE,papantla (papantla de olarte)
93499,20.4500,-97.3167,VERACRUZ LLAVE,papantla (papantla de olarte)
93518,20.5500,-97.4500,VERACRUZ LLAVE,poza rica de hidalgo
93520,20.4500,-97.3167,VERACRUZ LLAVE,papantla
93523,20.4500,-97.3167,VERACRUZ LLAVE,papantla
93524,20.4500,-97.3167,VERACRUZ LLAVE,papantla
93525,20.4500,-97.3167,VERACRUZ LLAVE,papantla
93526,20.4500,-97.3167,VERACRUZ LLAVE,papantla
93527,20.4500,-97.3167,VERACRUZ LLAVE,papantla
93530,20.4500,-97.3167,VERACRUZ LLAVE,papantla
93532,20.4500,-97.3167,VERACRUZ LLAVE,papantla
93533,20.4500,-97.3167,VERACRUZ LLAVE,papantla
93534,20.4500,-97.3167,VERACRUZ LLAVE,papantla
93535,20.4500,-97.3167,VERACRUZ LLAVE,papantla
93536,20.4500,-97.3167,VERACRUZ LLAVE,papantla
93537,20.4500,-97.3167,VERACRUZ LLAVE,papantla
93538,20.4500,-97.3167,VERACRUZ LLAVE,papantla
93540,20.4500,-97.3167,VERACRUZ LLAVE,papantla
93541,20.4500,-97.3167,VERACRUZ LLAVE,papantla
93542,20.4500,-97.3167,VERACRUZ LLAVE,papantla
93543,20.4500,-97.3167,VERACRUZ LLAVE,papantla
93544,20.4500,-97.3167,VERACRUZ LLAVE,papantla
93545,20.4500,-97.3167,VERACRUZ LLAVE,papantla
93548,20.4500,-97.3167,VERACRUZ LLAVE,papantla
93549,20.4500,-97.3167,VERACRUZ LLAVE,papantla
93550,19.7222,-97.2083,VERACRUZ LLAVE,gutierrez zamora
93552,19.7222,-97.2083,VERACRUZ LLAVE,gutierrez zamora
93553,19.7222,-97.2083,VERACRUZ LLAVE,gutierrez zamora
93556,19.7222,-97.2083,VERACRUZ LLAVE,gutierrez zamora
93557,19.7222,-97.2083,VERACRUZ LLAVE,gutierrez zamora
93558,19.7222,-97.2083,VERACRUZ LLAVE,gutierrez zamora
93559,19.7222,-97.2083,VERACRUZ LLAVE,gutierrez zamora
93560,19.7222,-97.2083,VERACRUZ LLAVE,gutierrez zamora
93562,19.7222,-97.2083,VERACRUZ LLAVE,gutierrez zamora
93564,19.7222,-97.2083,VERACRUZ LLAVE,gutierrez zamora
93568,19.7222,-97.2083,VERACRUZ LLAVE,gutierrez zamora
93569,19.7222,-97.2083,VERACRUZ LLAVE,gutierrez zamora
93570,20.4833,-97.0167,VERACRUZ LLAVE,tecolutla
93571,20.4833,-97.0167,VERACRUZ LLAVE,tecolutla
93575,20.4833,-97.0167,VERACRUZ LLAVE,tecolutla
93576,20.4833,-97.0167,VERACRUZ LLAVE,tecolutla
93577,20.4833,-97.0167,VERACRUZ LLAVE,tecolutla
93578,20.4833,-97.0167,VERACRUZ LLAVE,tecolutla
93579,20.4833,-97.0167,VERACRUZ LLAVE,tecolutla
93580,20.4833,-97.0167,VERACRUZ LLAVE,tecolutla
93585,20.4833,-97.0167,VERACRUZ LLAVE,tecolutla
93588,20.4833,-97.0167,VERACRUZ LLAVE,tecolutla
93590,20.4833,-97.0167,VERACRUZ LLAVE,tecolutla
93600,20.0667,-97.0500,VERACRUZ LLAVE,martinez de la torre
93603,20.0667,-97.0500,VERACRUZ LLAVE,martinez de la torre
93604,20.0667,-97.0500,VERACRUZ LLAVE,martinez de la torre
93605,20.0667,-97.0500,VERACRUZ LLAVE,martinez de la torre
93606,20.0667,-97.0500,VERACRUZ LLAVE,martinez de la torre
93607,20.0667,-97.0500,VERACRUZ LLAVE,martinez de la torre
93608,20.0667,-97.0500,VERACRUZ LLAVE,martinez de la torre
93610,20.0667,-97.0500,VERACRUZ LLAVE,martinez de la torre
93620,18.5333,-95.7333,VERACRUZ LLAVE,san rafael
93623,18.5333,-95.7333,VERACRUZ LLAVE,san rafael
93624,18.5333,-95.7333,VERACRUZ LLAVE,san rafael
93625,18.5333,-95.7333,VERACRUZ LLAVE,san rafael
93626,18.5333,-95.7333,VERACRUZ LLAVE,san rafael
93627,18.5333,-95.7333,VERACRUZ LLAVE,san rafael
93628,18.5333,-95.7333,VERACRUZ LLAVE,san rafael
93629,18.5333,-95.7333,VERACRUZ LLAVE,san rafael
93633,20.0667,-97.0500,VERACRUZ LLAVE,martinez de la torre
93635,20.0667,-97.0500,VERACRUZ LLAVE,martinez de la torre
93636,20.0667,-97.0500,VERACRUZ LLAVE,martinez de la torre
93638,20.0667,-97.0500,VERACRUZ LLAVE,martinez de la torre
93640,20.0667,-97.0500,VERACRUZ LLAVE,martinez de la torre
93641,20.0667,-97.0500,VERACRUZ LLAVE,martinez de la torre
93643,20.0667,-97.0500,VERACRUZ LLAVE,martinez de la torre
93645,20.0667,-97.0500,VERACRUZ LLAVE,martinez de la torre
93650,19.9667,-97.2167,VERACRUZ LLAVE,tlapacoyan
93653,19.9667,-97.2167,VERACRUZ LLAVE,tlapacoyan
93654,19.9667,-97.2167,VERACRUZ LLAVE,tlapacoyan
93655,19.9667,-97.2167,VERACRUZ LLAVE,tlapacoyan
93656,19.9667,-97.2167,VERACRUZ LLAVE,tlapacoyan
93657,19.9667,-97.2167,VERACRUZ LLAVE,tlapacoyan
93658,19.9667,-97.2167,VERACRUZ LLAVE,tlapacoyan
93660,19.8000,-97.3000,VERACRUZ LLAVE,jalacingo
93662,19.8000,-97.3000,VERACRUZ LLAVE,jalacingo
93664,19.8000,-97.3000,VERACRUZ LLAVE,jalacingo
93666,19.8000,-97.3000,VERACRUZ LLAVE,jalacingo
93668,19.8000,-97.3000,VERACRUZ LLAVE,jalacingo
93670,19.8000,-97.3000,VERACRUZ LLAVE,jalacingo
93671,19.8000,-97.3000,VERACRUZ LLAVE,jalacingo
93672,19.8000,-97.3000,VERACRUZ LLAVE,jalacingo
93676,19.8000,-97.3000,VERACRUZ LLAVE,jalacingo
93680,19.8000,-97.2167,VERACRUZ LLAVE,atzalan
93684,19.8000,-97.2167,VERACRUZ LLAVE,atzalan
93685,19.8000,-97.2167,VERACRUZ LLAVE,atzalan
93687,19.8000,-97.2167,VERACRUZ LLAVE,atzalan
93688,19.8000,-97.2167,VERACRUZ LLAVE,atzalan
93689,19.8000,-97.2167,VERACRUZ LLAVE,atzalan
93690,19.8000,-97.2167,VERACRUZ LLAVE,atzalan
93692,19.8000,-97.2167,VERACRUZ LLAVE,atzalan
93693,19.8000,-97.2167,VERACRUZ LLAVE,atzalan
93694,19.8000,-97.2167,VERACRUZ LLAVE,atzalan
93695,19.8000,-97.2167,VERACRUZ LLAVE,atzalan
93697,19.8000,-97.2167,VERACRUZ LLAVE,atzalan
93698,19.8000,-97.2167,VERACRUZ LLAVE,atzalan
93700,19.7667,-97.2333,VERACRUZ LLAVE,altotonga
93710,19.7667,-97.2333,VERACRUZ LLAVE,altotonga
93714,19.7667,-97.2333,VERACRUZ LLAVE,altotonga
93715,19.7667,-97.2333,VERACRUZ LLAVE,altotonga
93720,19.7667,-97.2333,VERACRUZ LLAVE,altotonga
93721,19.7667,-97.2333,VERACRUZ LLAVE,altotonga
93723,19.7667,-97.2333,VERACRUZ LLAVE,altotonga
93725,19.7667,-97.2333,VERACRUZ LLAVE,altotonga
93730,19.7667,-97.2333,VERACRUZ LLAVE,altotonga
93732,19.7667,-97.2333,VERACRUZ LLAVE,altotonga
93733,19.7667,-97.2333,VERACRUZ LLAVE,altotonga
93735,19.7667,-97.2333,VERACRUZ LLAVE,altotonga
93737,19.7667,-97.2333,VERACRUZ LLAVE,altotonga
93740,19.7000,-97.1167,VERACRUZ LLAVE,las minas
93760,19.7000,-97.1000,VERACRUZ LLAVE,tatatila
93761,19.7000,-97.1000,VERACRUZ LLAVE,tatatila
93780,17.7583,-94.7500,VERACRUZ LLAVE,tenochtitlan
93790,17.7583,-94.7500,VERACRUZ LLAVE,tenochtitlan
93800,20.2167,-96.7833,VERACRUZ LLAVE,nautla
93803,20.2167,-96.7833,VERACRUZ LLAVE,nautla
93808,20.2167,-96.7833,VERACRUZ LLAVE,nautla
93810,20.2167,-96.7833,VERACRUZ LLAVE,nautla
93814,20.2167,-96.7833,VERACRUZ LLAVE,nautla
93815,20.2167,-96.7833,VERACRUZ LLAVE,nautla
93816,20.2167,-96.7833,VERACRUZ LLAVE,nautla
93820,19.9333,-96.8333,VERACRUZ LLAVE,misantla
93825,19.9333,-96.8333,VERACRUZ LLAVE,misantla
93826,19.9333,-96.8333,VERACRUZ LLAVE,misantla
93827,19.9333,-96.8333,VERACRUZ LLAVE,misantla
93828,19.9333,-96.8333,VERACRUZ LLAVE,misantla
93829,19.9333,-96.8333,VERACRUZ LLAVE,misantla
93830,19.9333,-96.8333,VERACRUZ LLAVE,misantla
93831,19.9333,-96.8333,VERACRUZ LLAVE,misantla
93833,19.9333,-96.8333,VERACRUZ LLAVE,misantla
93834,19.9333,-96.8333,VERACRUZ LLAVE,misantla
93835,19.9333,-96.8333,VERACRUZ LLAVE,misantla
93839,19.9333,-96.8333,VERACRUZ LLAVE,misantla
93840,19.9333,-96.8333,VERACRUZ LLAVE,misantla
93845,19.9333,-96.8333,VERACRUZ LLAVE,misantla
93846,19.9333,-96.8333,VERACRUZ LLAVE,misantla
93848,19.9333,-96.8333,VERACRUZ LLAVE,misantla
93850,19.9333,-96.8333,VERACRUZ LLAVE,misantla
93851,19.9333,-96.8333,VERACRUZ LLAVE,misantla
93855,19.9333,-96.8333,VERACRUZ LLAVE,misantla
93856,19.9333,-96.8333,VERACRUZ LLAVE,misantla
93857,19.9333,-96.8333,VERACRUZ LLAVE,misantla
93860,19.7333,-96.8667,VERACRUZ LLAVE,landero y coss
93880,19.7333,-96.8167,VERACRUZ LLAVE,chiconquiaco
93882,19.7333,-96.8167,VERACRUZ LLAVE,chiconquiaco
93885,19.7333,-96.8167,VERACRUZ LLAVE,chiconquiaco
93890,19.7333,-96.8167,VERACRUZ LLAVE,chiconquiaco
93892,19.7333,-96.8167,VERACRUZ LLAVE,chiconquiaco
93893,19.7333,-96.8167,VERACRUZ LLAVE,chiconquiaco
93894,19.7333,-96.8167,VERACRUZ LLAVE,chiconquiaco
93900,19.8667,-96.7500,VERACRUZ LLAVE,yecuatla
93910,19.8667,-96.7500,VERACRUZ LLAVE,villa yecuatla
93915,19.8667,-96.7500,VERACRUZ LLAVE,villa yecuatla
93918,19.8667,-96.7500,VERACRUZ LLAVE,villa yecuatla
93930,19.8667,-96.7500,VERACRUZ LLAVE,yecuatla
93936,19.8667,-96.7500,VERACRUZ LLAVE,yecuatla
93940,19.8667,-96.7500,VERACRUZ LLAVE,yecuatla
93950,19.9167,-96.7000,VERACRUZ LLAVE,colipa
93960,20.0333,-96.6333,VERACRUZ LLAVE,vega de alatorre
93965,20.0333,-96.6333,VERACRUZ LLAVE,vega de alatorre
93970,20.0333,-96.6333,VERACRUZ LLAVE,vega de alatorre
93980,20.0333,-96.6333,VERACRUZ LLAVE,vega de alatorre
93986,20.0333,-96.6333,VERACRUZ LLAVE,vega de alatorre
93990,22.0500,-98.1667,VERACRUZ LLAVE,panuco
93994,22.0500,-98.1667,VERACRUZ LLAVE,panuco
93995,22.0500,-98.1667,VERACRUZ LLAVE,panuco
93996,22.0500,-98.1667,VERACRUZ LLAVE,panuco
93997,22.0500,-98.1667,VERACRUZ LLAVE,panuco
93998,22.0500,-98.1667,VERACRUZ LLAVE,panuco
94000,19.3333,-96.7500,VERACRUZ LLAVE,jalcomulco
94019,19.3333,-96.7500,VERACRUZ LLAVE,jalcomulco
94020,19.3125,-96.9083,VERACRUZ LLAVE,tlaltetela
94021,19.3125,-96.9083,VERACRUZ LLAVE,tlaltetela
94030,19.2500,-96.8833,VERACRUZ LLAVE,tenampa
94035,19.2500,-96.8833,VERACRUZ LLAVE,tenampa
94050,19.2167,-96.9333,VERACRUZ LLAVE,totutla
94054,19.2167,-96.9333,VERACRUZ LLAVE,totutla
94057,19.2167,-96.9333,VERACRUZ LLAVE,totutla
94059,19.2167,-96.9333,VERACRUZ LLAVE,totutla
94060,19.1833,-96.9167,VERACRUZ LLAVE,sochiapa
94080,19.1833,-96.8333,VERACRUZ LLAVE,tlacotepec de mejia
94090,19.1833,-96.8333,VERACRUZ LLAVE,tlacotepec de mejia
94100,19.1500,-96.9500,VERACRUZ LLAVE,huatusco
94103,19.1500,-96.9500,VERACRUZ LLAVE,huatusco
94106,19.1500,-96.9500,VERACRUZ LLAVE,huatusco
94107,19.1500,-96.9500,VERACRUZ LLAVE,huatusco
94108,19.1500,-96.9500,VERACRUZ LLAVE,huatusco
94110,19.1500,-96.9500,VERACRUZ LLAVE,huatusco
94113,19.1500,-96.9500,VERACRUZ LLAVE,huatusco
94117,19.1500,-96.9500,VERACRUZ LLAVE,huatusco
94120,19.1333,-97.0667,VERACRUZ LLAVE,calcahualco
94130,19.1167,-97.0833,VERACRUZ LLAVE,alpatlahuac
94135,19.1167,-97.0833,VERACRUZ LLAVE,alpatlahuac
94140,19.0667,-97.0333,VERACRUZ LLAVE,coscomatepec
94150,17.9500,-95.1500,VERACRUZ LLAVE,la perla
94151,17.9500,-95.1500,VERACRUZ LLAVE,la perla
94153,17.9500,-95.1500,VERACRUZ LLAVE,la perla
94155,17.9500,-95.1500,VERACRUZ LLAVE,la perla
94160,19.0167,-97.0167,VERACRUZ LLAVE,chocaman
94170,19.0333,-97.0000,VERACRUZ LLAVE,tomatlan
94180,19.0667,-96.9833,VERACRUZ LLAVE,ixhuatlan del cafe
94183,19.0667,-96.9833,VERACRUZ LLAVE,ixhuatlan del cafe
94184,19.0667,-96.9833,VERACRUZ LLAVE,ixhuatlan del cafe
94188,19.0667,-96.9833,VERACRUZ LLAVE,ixhuatlan del cafe
94190,19.0667,-96.8333,VERACRUZ LLAVE,tepatlaxco
94191,19.0667,-96.8333,VERACRUZ LLAVE,tepatlaxco
94200,19.1667,-96.8667,VERACRUZ LLAVE,comapa
94210,19.1667,-96.8667,VERACRUZ LLAVE,comapa
94216,19.1667,-96.8667,VERACRUZ LLAVE,comapa
94220,00.0000,00.0000,VERACRUZ LLAVE,zentla
94222,00.0000,00.0000,VERACRUZ LLAVE,zentla
94230,19.0333,-96.6000,VERACRUZ LLAVE,camaron de tejeda
94235,19.0333,-96.6000,VERACRUZ LLAVE,camaron de tejeda
94240,19.0500,-96.4167,VERACRUZ LLAVE,soledad de doblado
94242,19.0500,-96.4167,VERACRUZ LLAVE,soledad de doblado
94243,19.0500,-96.4167,VERACRUZ LLAVE,soledad de doblado
94244,19.0500,-96.4167,VERACRUZ LLAVE,soledad de doblado
94247,19.0500,-96.4167,VERACRUZ LLAVE,soledad de doblado
94248,19.0500,-96.4167,VERACRUZ LLAVE,soledad de doblado
94249,19.0500,-96.4167,VERACRUZ LLAVE,soledad de doblado
94250,19.1000,-96.3333,VERACRUZ LLAVE,manlio fabio altamirano
94251,19.1000,-96.3333,VERACRUZ LLAVE,manlio fabio altamirano
94253,19.1000,-96.3333,VERACRUZ LLAVE,manlio fabio altamirano
94254,19.1000,-96.3333,VERACRUZ LLAVE,manlio fabio altamirano
94255,19.1000,-96.3333,VERACRUZ LLAVE,manlio fabio altamirano
94256,19.1000,-96.3333,VERACRUZ LLAVE,manlio fabio altamirano
94260,19.0333,-96.2333,VERACRUZ LLAVE,jamapa
94270,19.0667,-96.1500,VERACRUZ LLAVE,medellin
94271,19.0667,-96.1500,VERACRUZ LLAVE,medellin
94273,19.0667,-96.1500,VERACRUZ LLAVE,medellin
94274,19.0667,-96.1500,VERACRUZ LLAVE,medellin
94276,19.0667,-96.1500,VERACRUZ LLAVE,medellin
94277,19.0667,-96.1500,VERACRUZ LLAVE,medellin
94280,19.0667,-96.1500,VERACRUZ LLAVE,medellin
94285,19.0667,-96.1500,VERACRUZ LLAVE,medellin
94290,19.1000,-96.1000,VERACRUZ LLAVE,boca del rio
94292,19.1000,-96.1000,VERACRUZ LLAVE,boca del rio
94293,19.1000,-96.1000,VERACRUZ LLAVE,boca del rio
94294,19.1000,-96.1000,VERACRUZ LLAVE,boca del rio
94295,19.1000,-96.1000,VERACRUZ LLAVE,boca del rio
94296,19.1000,-96.1000,VERACRUZ LLAVE,boca del rio
94297,19.1000,-96.1000,VERACRUZ LLAVE,boca del rio
94298,19.1000,-96.1000,VERACRUZ LLAVE,boca del rio
94299,19.1000,-96.1000,VERACRUZ LLAVE,boca del rio
94300,18.8500,-97.1000,VERACRUZ LLAVE,orizaba
94310,18.8500,-97.1000,VERACRUZ LLAVE,orizaba
94311,18.8500,-97.1000,VERACRUZ LLAVE,orizaba
94315,18.8500,-97.1000,VERACRUZ LLAVE,orizaba
94320,18.8500,-97.1000,VERACRUZ LLAVE,orizaba
94323,18.8500,-97.1000,VERACRUZ LLAVE,orizaba
94324,18.8500,-97.1000,VERACRUZ LLAVE,orizaba
94325,18.8500,-97.1000,VERACRUZ LLAVE,orizaba
94326,18.8500,-97.1000,VERACRUZ LLAVE,orizaba
94327,18.8500,-97.1000,VERACRUZ LLAVE,orizaba
94328,18.8500,-97.1000,VERACRUZ LLAVE,orizaba
94329,18.8500,-97.1000,VERACRUZ LLAVE,orizaba
94330,18.8500,-97.1000,VERACRUZ LLAVE,orizaba
94333,18.8500,-97.1000,VERACRUZ LLAVE,orizaba
94334,18.8500,-97.1000,VERACRUZ LLAVE,orizaba
94335,18.8500,-97.1000,VERACRUZ LLAVE,orizaba
94337,18.8500,-97.1000,VERACRUZ LLAVE,orizaba
94339,18.8500,-97.1000,VERACRUZ LLAVE,orizaba
94340,18.8500,-97.1000,VERACRUZ LLAVE,orizaba
94344,18.8500,-97.1000,VERACRUZ LLAVE,orizaba
94345,18.8500,-97.1000,VERACRUZ LLAVE,orizaba
94346,18.8500,-97.1000,VERACRUZ LLAVE,orizaba
94347,18.8500,-97.1000,VERACRUZ LLAVE,orizaba
94349,18.8500,-97.1000,VERACRUZ LLAVE,orizaba
94350,18.8500,-97.1000,VERACRUZ LLAVE,orizaba
94360,18.8500,-97.1000,VERACRUZ LLAVE,orizaba
94370,18.8500,-97.1000,VERACRUZ LLAVE,orizaba
94379,18.8500,-97.1000,VERACRUZ LLAVE,orizaba
94380,18.8500,-97.1000,VERACRUZ LLAVE,orizaba
94389,18.8500,-97.1000,VERACRUZ LLAVE,orizaba
94390,18.8500,-97.1000,VERACRUZ LLAVE,orizaba
94393,18.8500,-97.1000,VERACRUZ LLAVE,orizaba
94399,18.8500,-97.1000,VERACRUZ LLAVE,orizaba
94400,18.8500,-97.1000,VERACRUZ LLAVE,orizaba
94410,18.8000,-97.0667,VERACRUZ LLAVE,rafael delgado
94420,18.9167,-97.1167,VERACRUZ LLAVE,mariano escobedo
94421,18.9167,-97.1167,VERACRUZ LLAVE,mariano escobedo
94422,18.9167,-97.1167,VERACRUZ LLAVE,mariano escobedo
94423,18.9167,-97.1167,VERACRUZ LLAVE,mariano escobedo
94424,18.9167,-97.1167,VERACRUZ LLAVE,mariano escobedo
94427,18.9167,-97.1167,VERACRUZ LLAVE,mariano escobedo
94430,18.9000,-97.1500,VERACRUZ LLAVE,ixhuatlancillo
94440,18.9000,-97.0833,VERACRUZ LLAVE,atzacan
94442,18.9000,-97.0833,VERACRUZ LLAVE,atzacan
94450,18.8500,-97.0667,VERACRUZ LLAVE,ixtaczoquitlan
94451,18.8500,-97.0667,VERACRUZ LLAVE,ixtaczoquitlan
94452,18.8500,-97.0667,VERACRUZ LLAVE,ixtaczoquitlan
94453,18.8500,-97.0667,VERACRUZ LLAVE,ixtaczoquitlan
94455,18.8500,-97.0667,VERACRUZ LLAVE,ixtaczoquitlan
94456,18.8500,-97.0667,VERACRUZ LLAVE,ixtaczoquitlan
94457,18.8500,-97.0667,VERACRUZ LLAVE,ixtaczoquitlan
94458,18.8500,-97.0667,VERACRUZ LLAVE,ixtaczoquitlan
94459,18.8500,-97.0667,VERACRUZ LLAVE,ixtaczoquitlan
94460,18.8500,-97.0667,VERACRUZ LLAVE,ixtaczoquitlan
94462,18.8500,-97.0667,VERACRUZ LLAVE,ixtaczoquitlan
94463,18.8500,-97.0667,VERACRUZ LLAVE,ixtaczoquitlan
94464,18.8500,-97.0667,VERACRUZ LLAVE,ixtaczoquitlan
94465,18.8500,-97.0667,VERACRUZ LLAVE,ixtaczoquitlan
94467,18.8500,-97.0667,VERACRUZ LLAVE,ixtaczoquitlan
94469,18.8500,-97.0667,VERACRUZ LLAVE,ixtaczoquitlan
94470,18.9000,-97.0000,VERACRUZ LLAVE,fortin de las flores
94472,18.9000,-97.0000,VERACRUZ LLAVE,fortin de las flores
94473,18.9000,-97.0000,VERACRUZ LLAVE,fortin de las flores
94474,18.9000,-97.0000,VERACRUZ LLAVE,fortin de las flores
94475,18.9000,-97.0000,VERACRUZ LLAVE,fortin de las flores
94476,18.9000,-97.0000,VERACRUZ LLAVE,fortin
94477,18.9000,-97.0000,VERACRUZ LLAVE,fortin
94478,18.9000,-97.0000,VERACRUZ LLAVE,fortin
94479,18.9000,-97.0000,VERACRUZ LLAVE,fortin
94480,18.8833,-96.9333,VERACRUZ LLAVE,cordoba
94483,18.8833,-96.9333,VERACRUZ LLAVE,cordoba
94484,18.8833,-96.9333,VERACRUZ LLAVE,cordoba
94485,18.8833,-96.9333,VERACRUZ LLAVE,cordoba
94486,18.8833,-96.9333,VERACRUZ LLAVE,cordoba
94487,18.8833,-96.9333,VERACRUZ LLAVE,cordoba
94488,18.8833,-96.9333,VERACRUZ LLAVE,cordoba
94500,18.8833,-96.9333,VERACRUZ LLAVE,cordoba
94510,18.8833,-96.9333,VERACRUZ LLAVE,cordoba
94515,18.8833,-96.9333,VERACRUZ LLAVE,cordoba
94516,18.8833,-96.9333,VERACRUZ LLAVE,cordoba
94517,18.8833,-96.9333,VERACRUZ LLAVE,cordoba
94518,18.8833,-96.9333,VERACRUZ LLAVE,cordoba
94519,18.8833,-96.9333,VERACRUZ LLAVE,cordoba
94520,18.8833,-96.9333,VERACRUZ LLAVE,cordoba
94530,18.8833,-96.9333,VERACRUZ LLAVE,cordoba
94533,18.8833,-96.9333,VERACRUZ LLAVE,cordoba
94534,18.8833,-96.9333,VERACRUZ LLAVE,cordoba
94540,18.8833,-96.9333,VERACRUZ LLAVE,cordoba
94542,18.8833,-96.9333,VERACRUZ LLAVE,cordoba
94543,18.8833,-96.9333,VERACRUZ LLAVE,cordoba
94544,18.8833,-96.9333,VERACRUZ LLAVE,cordoba
94545,18.8833,-96.9333,VERACRUZ LLAVE,cordoba
94546,18.8833,-96.9333,VERACRUZ LLAVE,cordoba
94547,18.8833,-96.9333,VERACRUZ LLAVE,cordoba
94549,18.8833,-96.9333,VERACRUZ LLAVE,cordoba
94550,18.8833,-96.9333,VERACRUZ LLAVE,cordoba
94552,18.8833,-96.9333,VERACRUZ LLAVE,cordoba
94553,18.8833,-96.9333,VERACRUZ LLAVE,cordoba
94554,18.8833,-96.9333,VERACRUZ LLAVE,cordoba
94555,18.8833,-96.9333,VERACRUZ LLAVE,cordoba
94556,18.8833,-96.9333,VERACRUZ LLAVE,cordoba
94557,18.8833,-96.9333,VERACRUZ LLAVE,cordoba
94558,18.8833,-96.9333,VERACRUZ LLAVE,cordoba
94559,18.8833,-96.9333,VERACRUZ LLAVE,cordoba
94560,18.8833,-96.9333,VERACRUZ LLAVE,cordoba
94570,18.8833,-96.9333,VERACRUZ LLAVE,cordoba
94575,18.8833,-96.9333,VERACRUZ LLAVE,cordoba
94577,18.8833,-96.9333,VERACRUZ LLAVE,cordoba
94580,18.8833,-96.9333,VERACRUZ LLAVE,cordoba
94587,18.8833,-96.9333,VERACRUZ LLAVE,cordoba
94588,18.8833,-96.9333,VERACRUZ LLAVE,cordoba
94589,18.8833,-96.9333,VERACRUZ LLAVE,cordoba
94590,18.8833,-96.9333,VERACRUZ LLAVE,cordoba
94600,18.8833,-96.9333,VERACRUZ LLAVE,cordoba
94610,18.8833,-96.9333,VERACRUZ LLAVE,cordoba
94613,18.8833,-96.9333,VERACRUZ LLAVE,cordoba
94620,18.8833,-96.9333,VERACRUZ LLAVE,cordoba
94630,18.8833,-96.9333,VERACRUZ LLAVE,cordoba
94635,18.8833,-96.9333,VERACRUZ LLAVE,cordoba
94640,18.8833,-96.9333,VERACRUZ LLAVE,cordoba
94649,18.8833,-96.9333,VERACRUZ LLAVE,cordoba
94650,18.8833,-96.9333,VERACRUZ LLAVE,cordoba
94656,18.8833,-96.9333,VERACRUZ LLAVE,cordoba
94657,18.8833,-96.9333,VERACRUZ LLAVE,cordoba
94660,18.8833,-96.9333,VERACRUZ LLAVE,cordoba
94670,18.8833,-96.9333,VERACRUZ LLAVE,cordoba
94677,18.8833,-96.9333,VERACRUZ LLAVE,cordoba
94678,18.8833,-96.9333,VERACRUZ LLAVE,cordoba
94679,18.8833,-96.9333,VERACRUZ LLAVE,cordoba
94680,18.8833,-96.9333,VERACRUZ LLAVE,cordoba
94687,18.8833,-96.9333,VERACRUZ LLAVE,cordoba
94688,18.8833,-96.9333,VERACRUZ LLAVE,cordoba
94689,18.8833,-96.9333,VERACRUZ LLAVE,cordoba
94690,18.8833,-96.9333,VERACRUZ LLAVE,cordoba
94693,18.8833,-96.9333,VERACRUZ LLAVE,cordoba
94696,18.8833,-96.9333,VERACRUZ LLAVE,cordoba
94699,18.8833,-96.9333,VERACRUZ LLAVE,cordoba
94700,18.8000,-97.2667,VERACRUZ LLAVE,maltrata
94720,18.8167,-97.1667,VERACRUZ LLAVE,nogales
94722,18.8167,-97.1667,VERACRUZ LLAVE,nogales
94723,18.8167,-97.1667,VERACRUZ LLAVE,nogales
94724,18.8167,-97.1667,VERACRUZ LLAVE,nogales
94725,18.8167,-97.1667,VERACRUZ LLAVE,nogales
94726,18.8167,-97.1667,VERACRUZ LLAVE,nogales
94727,18.8167,-97.1667,VERACRUZ LLAVE,nogales
94729,18.8167,-97.1667,VERACRUZ LLAVE,nogales
94730,18.7500,-96.0000,VERACRUZ LLAVE,rio blanco
94732,18.7500,-96.0000,VERACRUZ LLAVE,rio blanco
94733,18.7500,-96.0000,VERACRUZ LLAVE,rio blanco
94734,18.7500,-96.0000,VERACRUZ LLAVE,rio blanco
94735,18.7500,-96.0000,VERACRUZ LLAVE,rio blanco
94740,18.8000,-97.1833,VERACRUZ LLAVE,camerino z mendoza
94743,18.8000,-97.1833,VERACRUZ LLAVE,camerino z mendoza
94744,18.8000,-97.1833,VERACRUZ LLAVE,camerino z mendoza
94745,18.8000,-97.1833,VERACRUZ LLAVE,camerino z mendoza
94746,18.8000,-97.1833,VERACRUZ LLAVE,camerino z mendoza
94748,18.8000,-97.1833,VERACRUZ LLAVE,camerino z mendoza
94750,18.8000,-97.3167,VERACRUZ LLAVE,aquila
94755,18.8000,-97.3167,VERACRUZ LLAVE,aquila
94760,18.7167,-97.3167,VERACRUZ LLAVE,acultzingo
94762,18.7167,-97.3167,VERACRUZ LLAVE,acultzingo
94763,18.7167,-97.3167,VERACRUZ LLAVE,acultzingo
94765,18.7167,-97.3167,VERACRUZ LLAVE,acultzingo
94766,18.7167,-97.3167,VERACRUZ LLAVE,acultzingo
94767,18.7167,-97.3167,VERACRUZ LLAVE,acultzingo
94770,18.7500,-97.1500,VERACRUZ LLAVE,soledad atzompa
94772,18.7500,-97.1500,VERACRUZ LLAVE,soledad atzompa
94775,18.7500,-97.1500,VERACRUZ LLAVE,soledad atzompa
94777,18.7500,-97.1500,VERACRUZ LLAVE,soledad atzompa
94780,18.7500,-97.3167,VERACRUZ LLAVE,huiloapan de cuauhtemoc
94782,18.7500,-97.3167,VERACRUZ LLAVE,huiloapan de cuauhtemoc
94783,18.7500,-97.3167,VERACRUZ LLAVE,huiloapan de cuauhtemoc
94800,18.6167,-97.1167,VERACRUZ LLAVE,tlaquilpan
94805,18.6167,-97.1167,VERACRUZ LLAVE,tlaquilpan
94810,18.5667,-97.1000,VERACRUZ LLAVE,astacinga
94815,18.5667,-97.1000,VERACRUZ LLAVE,astacinga
94820,18.6333,-97.1500,VERACRUZ LLAVE,xoxocotla
94825,18.6333,-97.1500,VERACRUZ LLAVE,xoxocotla
94830,18.6833,-97.0833,VERACRUZ LLAVE,atlahuilco
94840,18.7333,-97.0667,VERACRUZ LLAVE,tequila
94842,18.7333,-97.0667,VERACRUZ LLAVE,tequila
94846,18.7333,-97.0667,VERACRUZ LLAVE,tequila
94847,18.7333,-97.0667,VERACRUZ LLAVE,tequila
94850,18.7833,-97.0833,VERACRUZ LLAVE,san andres tenejapan
94860,18.8000,-97.1028,VERACRUZ LLAVE,tlilapan
94862,18.8000,-97.1028,VERACRUZ LLAVE,tlilapan
94870,18.7500,-97.0333,VERACRUZ LLAVE,magdalena
94877,18.7500,-97.0333,VERACRUZ LLAVE,magdalena
94880,20.0667,-97.1833,VERACRUZ LLAVE,naranjal
94890,18.7833,-96.9167,VERACRUZ LLAVE,coetzala
94900,18.7500,-96.7667,VERACRUZ LLAVE,omealca
94902,18.7500,-96.7667,VERACRUZ LLAVE,omealca
94903,18.7500,-96.7667,VERACRUZ LLAVE,omealca
94905,18.7500,-96.7667,VERACRUZ LLAVE,omealca
94906,18.7500,-96.7667,VERACRUZ LLAVE,omealca
94907,18.7500,-96.7667,VERACRUZ LLAVE,omealca
94908,18.7500,-96.7667,VERACRUZ LLAVE,omealca
94910,18.8167,-96.7167,VERACRUZ LLAVE,cuitlahuac
94912,18.8167,-96.7167,VERACRUZ LLAVE,cuitlahuac
94915,18.8167,-96.7167,VERACRUZ LLAVE,cuitlahuac
94916,18.8167,-96.7167,VERACRUZ LLAVE,cuitlahuac
94917,18.8167,-96.7167,VERACRUZ LLAVE,cuitlahuac
94918,18.8167,-96.7167,VERACRUZ LLAVE,cuitlahuac
94920,18.7667,-96.8667,VERACRUZ LLAVE,cuichapa
94925,18.7667,-96.8667,VERACRUZ LLAVE,cuichapa
94929,18.7667,-96.8667,VERACRUZ LLAVE,cuichapa
94930,18.8333,-96.8000,VERACRUZ LLAVE,yanga
94934,18.8333,-96.8000,VERACRUZ LLAVE,yanga
94939,18.8333,-96.8000,VERACRUZ LLAVE,yanga
94940,18.8667,-96.8667,VERACRUZ LLAVE,paraje nuevo
94943,18.8333,-96.9167,VERACRUZ LLAVE,amatlan de los reyes
94946,18.8333,-96.9167,VERACRUZ LLAVE,amatlan de los reyes
94950,18.8333,-96.9167,VERACRUZ LLAVE,amatlan de los reyes
94952,18.8333,-96.9167,VERACRUZ LLAVE,amatlan de los reyes
94953,18.8333,-96.9167,VERACRUZ LLAVE,amatlan de los reyes
94954,18.8333,-96.9167,VERACRUZ LLAVE,amatlan de los reyes
94955,18.8333,-96.9167,VERACRUZ LLAVE,amatlan de los reyes
94956,18.8333,-96.9167,VERACRUZ LLAVE,amatlan de los reyes
94957,18.8333,-96.9167,VERACRUZ LLAVE,amatlan de los reyes
94958,18.8333,-96.9167,VERACRUZ LLAVE,amatlan de los reyes
94959,18.8333,-96.9167,VERACRUZ LLAVE,amatlan de los reyes
94960,18.9000,-96.7667,VERACRUZ LLAVE,atoyac
94961,18.9000,-96.7667,VERACRUZ LLAVE,atoyac
94964,18.1667,-96.1000,VERACRUZ LLAVE,general miguel aleman
94965,18.1667,-96.1000,VERACRUZ LLAVE,general miguel aleman
94966,18.1667,-96.1000,VERACRUZ LLAVE,general miguel aleman
94969,18.9000,-96.7667,VERACRUZ LLAVE,atoyac
94970,18.9667,-96.7167,VERACRUZ LLAVE,paso del macho
94972,18.9667,-96.7167,VERACRUZ LLAVE,paso del macho
94975,18.9667,-96.7167,VERACRUZ LLAVE,paso del macho
94976,18.9667,-96.7167,VERACRUZ LLAVE,paso del macho
94980,20.4250,-97.1667,VERACRUZ LLAVE,carrillo puerto
94987,20.4250,-97.1667,VERACRUZ LLAVE,carrillo puerto
94988,20.4250,-97.1667,VERACRUZ LLAVE,carrillo puerto
94989,20.4250,-97.1667,VERACRUZ LLAVE,carrillo puerto
94990,18.8333,-96.3833,VERACRUZ LLAVE,cotaxtla
94992,18.8333,-96.3833,VERACRUZ LLAVE,cotaxtla
94995,18.8333,-96.3833,VERACRUZ LLAVE,cotaxtla
94996,18.8333,-96.3833,VERACRUZ LLAVE,cotaxtla
95000,18.6667,-96.9833,VERACRUZ LLAVE,zongolica
95002,18.6667,-96.9833,VERACRUZ LLAVE,zongolica
95003,18.6667,-96.9833,VERACRUZ LLAVE,zongolica
95004,18.6667,-96.9833,VERACRUZ LLAVE,zongolica
95005,18.6667,-96.9833,VERACRUZ LLAVE,zongolica
95006,18.6667,-96.9833,VERACRUZ LLAVE,zongolica
95007,18.6667,-96.9833,VERACRUZ LLAVE,zongolica
95010,18.6667,-96.9833,VERACRUZ LLAVE,zongolica
95011,18.6667,-96.9833,VERACRUZ LLAVE,zongolica
95012,18.6667,-96.9833,VERACRUZ LLAVE,zongolica
95013,18.6667,-96.9833,VERACRUZ LLAVE,zongolica
95016,18.6667,-96.9833,VERACRUZ LLAVE,zongolica
95017,18.6667,-96.9833,VERACRUZ LLAVE,zongolica
95019,18.6667,-96.9833,VERACRUZ LLAVE,zongolica
95020,18.6667,-96.9833,VERACRUZ LLAVE,zongolica
95023,18.6667,-96.9833,VERACRUZ LLAVE,zongolica
95025,18.6667,-96.9833,VERACRUZ LLAVE,zongolica
95028,18.6667,-96.9833,VERACRUZ LLAVE,zongolica
95030,18.5167,-97.0667,VERACRUZ LLAVE,tehuipango
95033,18.5167,-97.0667,VERACRUZ LLAVE,tehuipango
95035,18.5167,-97.0667,VERACRUZ LLAVE,tehuipango
95040,18.6000,-96.9833,VERACRUZ LLAVE,mixtla de altamirano
95045,18.6000,-96.9833,VERACRUZ LLAVE,mixtla de altamirano
95046,18.6000,-96.9833,VERACRUZ LLAVE,mixtla de altamirano
95060,18.6500,-97.0333,VERACRUZ LLAVE,los reyes
95061,18.6500,-97.0333,VERACRUZ LLAVE,los reyes
95064,18.6500,-97.0333,VERACRUZ LLAVE,los reyes
95070,18.6167,-97.0333,VERACRUZ LLAVE,texhuacan
95081,00.0000,00.0000,VERACRUZ LLAVE,tezonapa
95082,00.0000,00.0000,VERACRUZ LLAVE,tezonapa
95083,00.0000,00.0000,VERACRUZ LLAVE,tezonapa
95086,00.0000,00.0000,VERACRUZ LLAVE,tezonapa
95087,00.0000,00.0000,VERACRUZ LLAVE,tezonapa
95088,00.0000,00.0000,VERACRUZ LLAVE,tezonapa
95089,00.0000,00.0000,VERACRUZ LLAVE,tezonapa
95090,00.0000,00.0000,VERACRUZ LLAVE,tezonapa
95091,00.0000,00.0000,VERACRUZ LLAVE,tezonapa
95094,00.0000,00.0000,VERACRUZ LLAVE,tezonapa
95095,00.0000,00.0000,VERACRUZ LLAVE,tezonapa
95096,00.0000,00.0000,VERACRUZ LLAVE,tezonapa
95097,00.0000,00.0000,VERACRUZ LLAVE,tezonapa
95098,00.0000,00.0000,VERACRUZ LLAVE,tezonapa
95099,00.0000,00.0000,VERACRUZ LLAVE,tezonapa
95100,21.1667,-97.9167,VERACRUZ LLAVE,tierra blanca
95110,21.1667,-97.9167,VERACRUZ LLAVE,tierra blanca
95118,21.1667,-97.9167,VERACRUZ LLAVE,tierra blanca
95119,21.1667,-97.9167,VERACRUZ LLAVE,tierra blanca
95120,21.1667,-97.9167,VERACRUZ LLAVE,tierra blanca
95130,21.1667,-97.9167,VERACRUZ LLAVE,tierra blanca
95140,21.1667,-97.9167,VERACRUZ LLAVE,tierra blanca
95150,21.1667,-97.9167,VERACRUZ LLAVE,tierra blanca
95160,21.1667,-97.9167,VERACRUZ LLAVE,tierra blanca
95170,21.1667,-97.9167,VERACRUZ LLAVE,tierra blanca
95179,21.1667,-97.9167,VERACRUZ LLAVE,tierra blanca
95180,21.1667,-97.9167,VERACRUZ LLAVE,tierra blanca
95190,21.1667,-97.9167,VERACRUZ LLAVE,tierra blanca
95193,21.1667,-97.9167,VERACRUZ LLAVE,tierra blanca
95200,21.1667,-97.9167,VERACRUZ LLAVE,tierra blanca
95201,21.1667,-97.9167,VERACRUZ LLAVE,tierra blanca
95203,21.1667,-97.9167,VERACRUZ LLAVE,tierra blanca
95205,21.1667,-97.9167,VERACRUZ LLAVE,tierra blanca
95206,21.1667,-97.9167,VERACRUZ LLAVE,tierra blanca
95207,21.1667,-97.9167,VERACRUZ LLAVE,tierra blanca
95215,21.1667,-97.9167,VERACRUZ LLAVE,tierra blanca
95216,21.1667,-97.9167,VERACRUZ LLAVE,tierra blanca
95220,18.8000,-96.0500,VERACRUZ LLAVE,tlalixcoyan
95223,18.8000,-96.0500,VERACRUZ LLAVE,tlalixcoyan
95225,18.8000,-96.0500,VERACRUZ LLAVE,tlalixcoyan
95226,18.8000,-96.0500,VERACRUZ LLAVE,tlalixcoyan
95228,18.8000,-96.0500,VERACRUZ LLAVE,tlalixcoyan
95230,18.8000,-96.0500,VERACRUZ LLAVE,tlalixcoyan
95235,18.8000,-96.0500,VERACRUZ LLAVE,tlalixcoyan
95236,18.8000,-96.0500,VERACRUZ LLAVE,tlalixcoyan
95237,18.8000,-96.0500,VERACRUZ LLAVE,tlalixcoyan
95240,18.7167,-95.9833,VERACRUZ LLAVE,ignacio de la llave
95244,18.7167,-95.9833,VERACRUZ LLAVE,ignacio de la llave
95245,18.7167,-95.9833,VERACRUZ LLAVE,ignacio de la llave
95247,18.7167,-95.9833,VERACRUZ LLAVE,ignacio de la llave
95250,18.7667,-95.7667,VERACRUZ LLAVE,alvarado
95253,18.7667,-95.7667,VERACRUZ LLAVE,alvarado
95258,18.7667,-95.7667,VERACRUZ LLAVE,alvarado
95259,18.7667,-95.7667,VERACRUZ LLAVE,alvarado
95260,18.7667,-95.7667,VERACRUZ LLAVE,alvarado
95261,18.7667,-95.7667,VERACRUZ LLAVE,alvarado
95263,18.7667,-95.7667,VERACRUZ LLAVE,alvarado
95264,18.7667,-95.7667,VERACRUZ LLAVE,alvarado
95265,18.7667,-95.7667,VERACRUZ LLAVE,alvarado
95268,18.7667,-95.7667,VERACRUZ LLAVE,alvarado
95269,18.7667,-95.7667,VERACRUZ LLAVE,alvarado
95270,18.7667,-95.7667,VERACRUZ LLAVE,alvarado
95272,18.7667,-95.7667,VERACRUZ LLAVE,alvarado
95274,18.7667,-95.7667,VERACRUZ LLAVE,alvarado
95275,18.7667,-95.7667,VERACRUZ LLAVE,alvarado
95276,18.7667,-95.7667,VERACRUZ LLAVE,alvarado
95277,18.7667,-95.7667,VERACRUZ LLAVE,alvarado
95278,18.7667,-95.7667,VERACRUZ LLAVE,alvarado
95280,18.6167,-95.5167,VERACRUZ LLAVE,lerdo de tejada
95281,18.6167,-95.5167,VERACRUZ LLAVE,lerdo de tejada
95283,18.6167,-95.5167,VERACRUZ LLAVE,lerdo de tejada
95284,18.6167,-95.5167,VERACRUZ LLAVE,lerdo de tejada
95285,18.6167,-95.5167,VERACRUZ LLAVE,lerdo de tejada
95286,18.6167,-95.5167,VERACRUZ LLAVE,lerdo de tejada
95287,18.6167,-95.5167,VERACRUZ LLAVE,lerdo de tejada
95294,18.6167,-95.5167,VERACRUZ LLAVE,lerdo de tejada
95295,18.6167,-95.5167,VERACRUZ LLAVE,lerdo de tejada
95300,18.2500,-96.1333,VERACRUZ LLAVE,tres valles
95330,18.3667,-95.7500,VERACRUZ LLAVE,carlos a carrillo
95334,18.3667,-95.7500,VERACRUZ LLAVE,carlos a carrillo
95335,18.3667,-95.7500,VERACRUZ LLAVE,carlos a carrillo
95336,18.3667,-95.7500,VERACRUZ LLAVE,carlos a carrillo
95337,18.3667,-95.7500,VERACRUZ LLAVE,carlos a carrillo
95338,18.3667,-95.7500,VERACRUZ LLAVE,carlos a carrillo
95339,18.3667,-95.7500,VERACRUZ LLAVE,carlos a carrillo
95340,18.3667,-95.7500,VERACRUZ LLAVE,carlos a carrillo
95345,18.3667,-95.7500,VERACRUZ LLAVE,carlos a carrillo
95346,18.3667,-95.7500,VERACRUZ LLAVE,carlos a carrillo
95347,18.3667,-95.7500,VERACRUZ LLAVE,carlos a carrillo
95348,18.3667,-95.7500,VERACRUZ LLAVE,carlos a carrillo
95349,18.3667,-95.7500,VERACRUZ LLAVE,carlos a carrillo
95358,18.2500,-96.1333,VERACRUZ LLAVE,tres valles
95360,18.2500,-96.1333,VERACRUZ LLAVE,tres valles
95370,18.2500,-96.1333,VERACRUZ LLAVE,tres valles
95390,18.3667,-95.8000,VERACRUZ LLAVE,cosamaloapan de carpio
95394,18.3667,-95.8000,VERACRUZ LLAVE,cosamaloapan de carpio
95395,18.3667,-95.8000,VERACRUZ LLAVE,cosamaloapan de carpio
95396,18.3667,-95.8000,VERACRUZ LLAVE,cosamaloapan de carpio
95397,18.3667,-95.8000,VERACRUZ LLAVE,cosamaloapan de carpio
95398,18.3667,-95.8000,VERACRUZ LLAVE,cosamaloapan de carpio
95399,18.3667,-95.8000,VERACRUZ LLAVE,cosamaloapan de carpio
95400,18.3667,-95.8000,VERACRUZ LLAVE,cosamaloapan de carpio
95411,18.3667,-95.8000,VERACRUZ LLAVE,cosamaloapan
95420,18.3667,-95.8000,VERACRUZ LLAVE,cosamaloapan
95422,18.3667,-95.8000,VERACRUZ LLAVE,cosamaloapan
95423,18.3667,-95.8000,VERACRUZ LLAVE,cosamaloapan
95425,18.3667,-95.8000,VERACRUZ LLAVE,cosamaloapan
95426,18.3667,-95.8000,VERACRUZ LLAVE,cosamaloapan
95427,18.3667,-95.8000,VERACRUZ LLAVE,cosamaloapan
95429,18.3667,-95.8000,VERACRUZ LLAVE,cosamaloapan
95430,18.4500,-95.8333,VERACRUZ LLAVE,ixmatlahuacan
95440,18.5167,-95.7833,VERACRUZ LLAVE,acula
95450,18.4333,-95.7333,VERACRUZ LLAVE,amatitlan
95454,18.4333,-95.7333,VERACRUZ LLAVE,amatitlan
95456,18.4333,-95.7333,VERACRUZ LLAVE,amatitlan
95460,18.6167,-95.6667,VERACRUZ LLAVE,tlacotalpan
95480,18.6000,-95.5333,VERACRUZ LLAVE,saltabarranca
95493,18.6000,-95.5333,VERACRUZ LLAVE,saltabarranca
95494,18.6000,-95.5333,VERACRUZ LLAVE,saltabarranca
95500,18.2000,-96.0333,VERACRUZ LLAVE,otatitlan
95508,18.2000,-96.0333,VERACRUZ LLAVE,otatitlan
95510,18.2000,-96.0333,VERACRUZ LLAVE,otatitlan
95513,18.2000,-96.0333,VERACRUZ LLAVE,otatitlan
95520,18.2333,-95.9500,VERACRUZ LLAVE,tlacojalpan
95525,18.2333,-95.9500,VERACRUZ LLAVE,tlacojalpan
95526,18.2333,-95.9500,VERACRUZ LLAVE,tlacojalpan
95530,18.2333,-95.9500,VERACRUZ LLAVE,tlacojalpan
95533,18.2333,-95.9500,VERACRUZ LLAVE,tlacojalpan
95536,18.2333,-95.9500,VERACRUZ LLAVE,tlacojalpan
95540,18.2333,-95.9000,VERACRUZ LLAVE,tuxtilla
95560,18.3333,-95.8333,VERACRUZ LLAVE,chacaltianguis
95563,18.3333,-95.8333,VERACRUZ LLAVE,chacaltianguis
95570,18.3333,-95.8333,VERACRUZ LLAVE,chacaltianguis
95575,18.3333,-95.8333,VERACRUZ LLAVE,chacaltianguis
95576,18.3333,-95.8333,VERACRUZ LLAVE,chacaltianguis
95580,18.0833,-95.7000,VERACRUZ LLAVE,jose azueta
95585,18.0833,-95.7000,VERACRUZ LLAVE,jose azueta
95587,18.0833,-95.7000,VERACRUZ LLAVE,jose azueta
95588,18.0833,-95.7000,VERACRUZ LLAVE,jose azueta
95590,18.0833,-95.7000,VERACRUZ LLAVE,jose azueta
95593,18.0833,-95.7000,VERACRUZ LLAVE,jose azueta
95594,18.0833,-95.7000,VERACRUZ LLAVE,jose azueta
95595,18.0833,-95.7000,VERACRUZ LLAVE,jose azueta
95597,18.0833,-95.7000,VERACRUZ LLAVE,jose azueta
95598,18.0833,-95.7000,VERACRUZ LLAVE,jose azueta
95600,17.8333,-95.8167,VERACRUZ LLAVE,playa vicente
95603,17.8333,-95.8167,VERACRUZ LLAVE,playa vicente
95604,17.8333,-95.8167,VERACRUZ LLAVE,playa vicente
95605,17.8333,-95.8167,VERACRUZ LLAVE,playa vicente
95606,17.8333,-95.8167,VERACRUZ LLAVE,playa vicente
95607,17.8333,-95.8167,VERACRUZ LLAVE,playa vicente
95609,17.8333,-95.8167,VERACRUZ LLAVE,playa vicente
95614,17.8333,-95.8167,VERACRUZ LLAVE,playa vicente
95618,17.8333,-95.8167,VERACRUZ LLAVE,playa vicente
95619,17.8333,-95.8167,VERACRUZ LLAVE,playa vicente
95620,17.8333,-95.8167,VERACRUZ LLAVE,playa vicente
95624,17.8333,-95.8167,VERACRUZ LLAVE,playa vicente
95627,17.8333,-95.8167,VERACRUZ LLAVE,playa vicente
95628,17.8333,-95.8167,VERACRUZ LLAVE,playa vicente
95629,17.8333,-95.8167,VERACRUZ LLAVE,playa vicente
95630,17.6667,-95.3667,VERACRUZ LLAVE,santiago sochiapan
95633,17.6667,-95.3667,VERACRUZ LLAVE,santiago sochiapan
95634,17.6667,-95.3667,VERACRUZ LLAVE,santiago sochiapan
95635,17.6667,-95.3667,VERACRUZ LLAVE,santiago sochiapan
95636,17.6667,-95.3667,VERACRUZ LLAVE,santiago sochiapan
95637,17.6667,-95.3667,VERACRUZ LLAVE,santiago sochiapan
95640,18.6000,-96.1500,VERACRUZ LLAVE,isla
95642,18.6000,-96.1500,VERACRUZ LLAVE,isla
95643,18.6000,-96.1500,VERACRUZ LLAVE,isla
95645,18.6000,-96.1500,VERACRUZ LLAVE,isla
95646,18.6000,-96.1500,VERACRUZ LLAVE,isla
95647,18.6000,-96.1500,VERACRUZ LLAVE,isla
95648,18.6000,-96.1500,VERACRUZ LLAVE,isla
95650,18.6000,-96.1500,VERACRUZ LLAVE,isla
95652,18.6000,-96.1500,VERACRUZ LLAVE,isla
95654,18.6000,-96.1500,VERACRUZ LLAVE,isla
95655,18.6000,-96.1500,VERACRUZ LLAVE,isla
95657,18.6000,-96.1500,VERACRUZ LLAVE,isla
95658,18.6000,-96.1500,VERACRUZ LLAVE,isla
95659,18.6000,-96.1500,VERACRUZ LLAVE,isla
95670,17.9833,-95.4083,VERACRUZ LLAVE,juan rodriguez clara
95672,17.9833,-95.4083,VERACRUZ LLAVE,juan rodriguez clara
95673,17.9833,-95.4083,VERACRUZ LLAVE,juan rodriguez clara
95674,17.9833,-95.4083,VERACRUZ LLAVE,juan rodriguez clara
95676,17.9833,-95.4083,VERACRUZ LLAVE,juan rodriguez clara
95677,17.9833,-95.4083,VERACRUZ LLAVE,juan rodriguez clara
95680,17.9833,-95.4083,VERACRUZ LLAVE,juan rodriguez clara
95683,17.9833,-95.4083,VERACRUZ LLAVE,juan rodriguez clara
95690,17.9833,-95.4083,VERACRUZ LLAVE,juan rodriguez clara
95693,17.9833,-95.4083,VERACRUZ LLAVE,juan rodriguez clara
95694,17.9833,-95.4083,VERACRUZ LLAVE,juan rodriguez clara
95695,17.9833,-95.4083,VERACRUZ LLAVE,juan rodriguez clara
95696,17.9833,-95.4083,VERACRUZ LLAVE,juan rodriguez clara
95697,17.9833,-95.4083,VERACRUZ LLAVE,juan rodriguez clara
95700,18.4500,-95.2167,VERACRUZ LLAVE,san andres tuxtla
95710,18.4500,-95.2167,VERACRUZ LLAVE,san andres tuxtla
95714,18.4500,-95.2167,VERACRUZ LLAVE,san andres tuxtla
95716,18.4500,-95.2167,VERACRUZ LLAVE,san andres tuxtla
95717,18.4500,-95.2167,VERACRUZ LLAVE,san andres tuxtla
95718,18.4500,-95.2167,VERACRUZ LLAVE,san andres tuxtla
95719,18.4500,-95.2167,VERACRUZ LLAVE,san andres tuxtla
95720,18.4500,-95.2167,VERACRUZ LLAVE,san andres tuxtla
95724,18.4500,-95.2167,VERACRUZ LLAVE,san andres tuxtla
95725,18.4500,-95.2167,VERACRUZ LLAVE,san andres tuxtla
95726,18.4500,-95.2167,VERACRUZ LLAVE,san andres tuxtla
95728,18.4500,-95.2167,VERACRUZ LLAVE,san andres tuxtla
95729,18.4500,-95.2167,VERACRUZ LLAVE,san andres tuxtla
95730,18.4500,-95.2167,VERACRUZ LLAVE,san andres tuxtla
95736,18.4500,-95.2167,VERACRUZ LLAVE,san andres tuxtla
95738,18.4500,-95.2167,VERACRUZ LLAVE,san andres tuxtla
95739,18.4500,-95.2167,VERACRUZ LLAVE,san andres tuxtla
95740,18.4500,-95.2167,VERACRUZ LLAVE,san andres tuxtla
95746,18.4500,-95.2167,VERACRUZ LLAVE,san andres tuxtla
95747,18.4500,-95.2167,VERACRUZ LLAVE,san andres tuxtla
95748,18.4500,-95.2167,VERACRUZ LLAVE,san andres tuxtla
95749,18.4500,-95.2167,VERACRUZ LLAVE,san andres tuxtla
95750,18.4500,-95.2167,VERACRUZ LLAVE,san andres tuxtla
95755,18.4500,-95.2167,VERACRUZ LLAVE,san andres tuxtla
95756,18.4500,-95.2167,VERACRUZ LLAVE,san andres tuxtla
95760,18.4500,-95.2167,VERACRUZ LLAVE,san andres tuxtla
95765,18.4500,-95.2167,VERACRUZ LLAVE,san andres tuxtla
95766,18.4500,-95.2167,VERACRUZ LLAVE,san andres tuxtla
95767,18.4500,-95.2167,VERACRUZ LLAVE,san andres tuxtla
95769,18.4500,-95.2167,VERACRUZ LLAVE,san andres tuxtla
95770,18.4500,-95.2167,VERACRUZ LLAVE,san andres tuxtla
95775,18.4500,-95.2167,VERACRUZ LLAVE,san andres tuxtla
95777,18.4500,-95.2167,VERACRUZ LLAVE,san andres tuxtla
95778,18.4500,-95.2167,VERACRUZ LLAVE,san andres tuxtla
95779,18.4500,-95.2167,VERACRUZ LLAVE,san andres tuxtla
95780,18.4500,-95.2167,VERACRUZ LLAVE,san andres tuxtla
95786,18.4500,-95.2167,VERACRUZ LLAVE,san andres tuxtla
95790,18.4500,-95.2167,VERACRUZ LLAVE,san andres tuxtla
95795,18.4500,-95.2167,VERACRUZ LLAVE,san andres tuxtla
95796,18.4500,-95.2167,VERACRUZ LLAVE,san andres tuxtla
95797,18.4500,-95.2167,VERACRUZ LLAVE,san andres tuxtla
95798,18.4500,-95.2167,VERACRUZ LLAVE,san andres tuxtla
95799,18.4500,-95.2167,VERACRUZ LLAVE,san andres tuxtla
95800,18.4500,-95.2167,VERACRUZ LLAVE,san andres tuxtla
95801,18.4500,-95.2167,VERACRUZ LLAVE,san andres tuxtla
95802,18.4500,-95.2167,VERACRUZ LLAVE,san andres tuxtla
95803,18.4500,-95.2167,VERACRUZ LLAVE,san andres tuxtla
95804,18.4500,-95.2167,VERACRUZ LLAVE,san andres tuxtla
95805,18.4500,-95.2167,VERACRUZ LLAVE,san andres tuxtla
95806,18.4500,-95.2167,VERACRUZ LLAVE,san andres tuxtla
