80001,39.801977,-105.087152,CO,Jefferson,Arvada
80002,39.794577,-105.095896,CO,Jefferson,Arvada
80002,39.794577,-105.095896,CO,Jefferson,Denver
80002,39.794577,-105.095896,CO,Jefferson,Wheat Ridge
80003,39.824737,-105.061827,CO,Jefferson,Arvada
80003,39.824737,-105.061827,CO,Jefferson,Westminster
80004,39.816646,-105.127381,CO,Jefferson,Arvada
80005,39.841453,-105.117853,CO,Jefferson,Arvada
80005,39.841453,-105.117853,CO,Jefferson,Westminster
80006,39.844402,-105.07851,CO,Jefferson,Arvada
80007,39.858393,-105.196556,CO,Jefferson,Arvada
80010,39.735849,-104.865186,CO,Arapahoe,Aurora
80011,39.74165,-104.791421,CO,Adams,Aurora
80011,39.74165,-104.791421,CO,Adams,Buckley Air Natl Guard Base
80011,39.74165,-104.791421,CO,Adams,Buckley Ang
80012,39.694487,-104.832515,CO,Arapahoe,Aurora
80012,39.694487,-104.832515,CO,Arapahoe,Denver
80013,39.660246,-104.779822,CO,Arapahoe,Aurora
80014,39.65988,-104.83698,CO,Arapahoe,Aurora
80014,39.65988,-104.83698,CO,Arapahoe,Centennial
80014,39.65988,-104.83698,CO,Arapahoe,Denver
80015,39.624696,-104.7888,CO,Arapahoe,Aurora
80015,39.624696,-104.7888,CO,Arapahoe,Centennial
80016,39.584457,-104.758155,CO,Arapahoe,Aurora
80016,39.584457,-104.758155,CO,Arapahoe,Centennial
80016,39.584457,-104.758155,CO,Arapahoe,Foxfield
80017,39.692691,-104.785113,CO,Arapahoe,Aurora
80018,39.713568,-104.709729,CO,Arapahoe,Aurora
80019,39.771487,-104.679038,CO,Adams,Aurora
80020,39.93468,-105.07662,CO,Broomfield,Broomfield
80020,39.93468,-105.07662,CO,Broomfield,Westminster
80021,39.883964,-105.106613,CO,Jefferson,Arvada
80021,39.883964,-105.106613,CO,Jefferson,Broomfield
80021,39.883964,-105.106613,CO,Jefferson,Westminster
80022,39.831897,-104.894182,CO,Adams,Adams City
80022,39.831897,-104.894182,CO,Adams,Brighton
80022,39.831897,-104.894182,CO,Adams,Commerce City
80022,39.831897,-104.894182,CO,Adams,Denver
80022,39.831897,-104.894182,CO,Adams,Irondale
80023,39.953501,-105.036717,CO,Broomfield,Broomfield
80023,39.953501,-105.036717,CO,Broomfield,Westminster
80024,39.846218,-104.919442,CO,Adams,Dupont
80025,39.935729,-105.280038,CO,Boulder,ElDorado Sprg
80025,39.935729,-105.280038,CO,Boulder,Eldorado Springs
80026,40.000519,-105.098843,CO,Boulder,Lafayette
80027,39.96642,-105.1542,CO,Boulder,Louisville
80027,39.96642,-105.1542,CO,Boulder,Superior
80028,39.977765,-105.130638,CO,Boulder,Louisville
80028,39.977765,-105.130638,CO,Boulder,Storage Technology Corp
80030,39.828893,-105.036679,CO,Adams,Denver
80030,39.828893,-105.036679,CO,Adams,Westminster
80031,39.861937,-105.041266,CO,Adams,Denver
80031,39.861937,-105.041266,CO,Adams,Westminster
80033,39.772041,-105.101411,CO,Jefferson,Denver
80033,39.772041,-105.101411,CO,Jefferson,Wheat Ridge
80034,39.777375,-105.081686,CO,Jefferson,Wheat Ridge
80035,39.862046,-105.039789,CO,Adams,Westminster
80036,39.859851,-105.037313,CO,Adams,Westminster
80037,39.819298,-104.916784,CO,Adams,Commerce City
80038,39.919548,-105.085569,CO,Broomfield,Broomfield
80040,39.723696,-104.767316,CO,Adams,Aurora
80041,39.700882,-104.836569,CO,Arapahoe,Aurora
80042,39.739084,-104.809365,CO,Adams,Aurora
80044,39.749887,-104.827068,CO,Arapahoe,Aurora
80045,39.748262,-104.839178,CO,Adams,Aurora
80046,39.628034,-104.798698,CO,Arapahoe,Aurora
80047,39.69891,-104.765103,CO,Arapahoe,Aurora
80101,39.406711,-104.020756,CO,Elbert,Agate
80102,39.751155,-104.448047,CO,Adams,Bennett
80103,39.663695,-104.136365,CO,Arapahoe,Byers
80104,39.390403,-104.85871,CO,Douglas,Castle Rock
80105,39.6136,-104.044202,CO,Arapahoe,Deer Trail
80106,39.056631,-104.593326,CO,El Paso,Black Forest
80106,39.056631,-104.593326,CO,El Paso,Elbert
80107,39.384034,-104.593094,CO,Elbert,Elizabeth
80108,39.391907,-104.859358,CO,Douglas,Castle Rock
80109,39.388964,-104.860057,CO,Douglas,Castle Rock
80110,39.64896,-104.98086,CO,Arapahoe,Cherry Hills
80110,39.64896,-104.98086,CO,Arapahoe,Cherry Hills Village
80110,39.64896,-104.98086,CO,Arapahoe,Cherry Hl Vlg
80110,39.64896,-104.98086,CO,Arapahoe,Englewood
80110,39.64896,-104.98086,CO,Arapahoe,Greenwood Village
80110,39.64896,-104.98086,CO,Arapahoe,Greenwood Vlg
80110,39.64896,-104.98086,CO,Arapahoe,Sheridan
80111,39.612706,-104.883398,CO,Arapahoe,Centennial
80111,39.612706,-104.883398,CO,Arapahoe,Cherry Hills
80111,39.612706,-104.883398,CO,Arapahoe,Cherry Hills Village
80111,39.612706,-104.883398,CO,Arapahoe,Cherry Hl Vlg
80111,39.612706,-104.883398,CO,Arapahoe,Englewood
80111,39.612706,-104.883398,CO,Arapahoe,Greenwood Village
80111,39.612706,-104.883398,CO,Arapahoe,Greenwood Vlg
80112,39.575499,-104.861971,CO,Arapahoe,Centennial
80112,39.575499,-104.861971,CO,Arapahoe,Englewood
80112,39.575499,-104.861971,CO,Arapahoe,Greenwood Village
80112,39.575499,-104.861971,CO,Arapahoe,Greenwood Vlg
80112,39.575499,-104.861971,CO,Arapahoe,Lone Tree
80113,39.643479,-104.95604,CO,Arapahoe,Cherry Hills
80113,39.643479,-104.95604,CO,Arapahoe,Cherry Hills Village
80113,39.643479,-104.95604,CO,Arapahoe,Cherry Hl Vlg
80113,39.643479,-104.95604,CO,Arapahoe,Englewood
80116,39.353282,-104.711853,CO,Douglas,Franktown
80117,39.328704,-104.45147,CO,Elbert,Kiowa
80118,39.206007,-104.888401,CO,Douglas,Larkspur
80120,39.600857,-105.00645,CO,Arapahoe,Littleton
80121,39.612173,-104.954964,CO,Arapahoe,Centennial
80121,39.612173,-104.954964,CO,Arapahoe,Cherry Hills
80121,39.612173,-104.954964,CO,Arapahoe,Cherry Hills Village
80121,39.612173,-104.954964,CO,Arapahoe,Cherry Hl Vlg
80121,39.612173,-104.954964,CO,Arapahoe,Grants Ranch
80121,39.612173,-104.954964,CO,Arapahoe,Greenwood Village
80121,39.612173,-104.954964,CO,Arapahoe,Greenwood Vlg
80121,39.612173,-104.954964,CO,Arapahoe,Littleton
80122,39.58044,-104.955859,CO,Arapahoe,Centennial
80122,39.58044,-104.955859,CO,Arapahoe,Littleton
80123,39.595296,-105.08786,CO,Jefferson,Bow Mar
80123,39.595296,-105.08786,CO,Jefferson,Centennial
80123,39.595296,-105.08786,CO,Jefferson,Columbine Valley
80123,39.595296,-105.08786,CO,Jefferson,Columbine Vly
80123,39.595296,-105.08786,CO,Jefferson,Denver
80123,39.595296,-105.08786,CO,Jefferson,Grants Ranch
80123,39.595296,-105.08786,CO,Jefferson,Lakewood
80123,39.595296,-105.08786,CO,Jefferson,Littleton
80124,39.546295,-104.896772,CO,Douglas,Littleton
80124,39.546295,-104.896772,CO,Douglas,Lone Tree
80124,39.546295,-104.896772,CO,Douglas,Lonetree
80125,39.482672,-105.055501,CO,Douglas,Littleton
80126,39.548022,-104.963984,CO,Douglas,Hghlnds Ranch
80126,39.548022,-104.963984,CO,Douglas,Highlands Ranch
80126,39.548022,-104.963984,CO,Douglas,Littleton
80127,39.593034,-105.138642,CO,Jefferson,Denver
80127,39.593034,-105.138642,CO,Jefferson,Littleton
80128,39.599307,-105.128459,CO,Jefferson,Littleton
80129,39.543276,-105.007567,CO,Douglas,Hghlnds Ranch
80129,39.543276,-105.007567,CO,Douglas,Highlands Ranch
80129,39.543276,-105.007567,CO,Douglas,Littleton
80130,39.544318,-104.920225,CO,Douglas,Hghlnds Ranch
80130,39.544318,-104.920225,CO,Douglas,Highlands Ranch
80130,39.544318,-104.920225,CO,Douglas,Littleton
80131,39.475712,-105.006529,CO,Douglas,Louviers
80132,39.100182,-104.849748,CO,El Paso,Monument
80132,39.100182,-104.849748,CO,El Paso,Woodmoor
80133,39.11725,-104.913143,CO,El Paso,Palmer Lake
80134,39.471996,-104.768182,CO,Douglas,Parker
80135,39.257643,-105.225649,CO,Douglas,Deckers
80135,39.257643,-105.225649,CO,Douglas,Sedalia
80136,39.751552,-104.331296,CO,Adams,Strasburg
80137,39.764027,-104.653104,CO,Adams,Watkins
80138,39.515707,-104.662026,CO,Douglas,Parker
80150,39.643214,-104.985443,CO,Arapahoe,Englewood
80150,39.643214,-104.985443,CO,Arapahoe,Greenwood Village
80151,39.643942,-104.984296,CO,Arapahoe,Englewood
80155,39.591335,-104.876947,CO,Arapahoe,Englewood
80155,39.591335,-104.876947,CO,Arapahoe,Greenwood Village
80155,39.591335,-104.876947,CO,Arapahoe,Greenwood Vlg
80160,39.612973,-105.016519,CO,Arapahoe,Littleton
80161,39.596945,-104.961633,CO,Arapahoe,Centennial
80161,39.596945,-104.961633,CO,Arapahoe,Littleton
80162,39.599349,-105.106619,CO,Jefferson,Littleton
80163,39.545881,-104.974412,CO,Douglas,Hghlnds Ranch
80163,39.545881,-104.974412,CO,Douglas,Highlands Ranch
80163,39.545881,-104.974412,CO,Douglas,Littleton
80165,39.595884,-105.008265,CO,Arapahoe,Littleton
80165,39.595884,-105.008265,CO,Arapahoe,Littleton City Offices
80166,39.594031,-105.009802,CO,Arapahoe,Arapahoe County Offices
80166,39.594031,-105.009802,CO,Arapahoe,Littleton
80201,39.695496,-105.084115,CO,Denver,Denver
80202,39.749412,-104.993661,CO,Denver,Denver
80203,39.731434,-104.981595,CO,Denver,Denver
80204,39.736603,-105.02123,CO,Denver,Denver
80205,39.762697,-104.973357,CO,Denver,Denver
80206,39.7285,-104.954037,CO,Denver,Denver
80207,39.757333,-104.912703,CO,Denver,Denver
80208,39.680475,-104.962996,CO,Denver,Denver
80208,39.680475,-104.962996,CO,Denver,University of Denver
80209,39.704419,-104.959341,CO,Denver,Denver
80210,39.675422,-104.96163,CO,Denver,Denver
80211,39.767956,-105.014457,CO,Denver,Denver
80212,39.772488,-105.05111,CO,Denver,Denver
80212,39.772488,-105.05111,CO,Denver,Lakeside
80212,39.772488,-105.05111,CO,Denver,Wheat Ridge
80214,39.745789,-105.059616,CO,Jefferson,Denver
80214,39.745789,-105.059616,CO,Jefferson,Edgewater
80214,39.745789,-105.059616,CO,Jefferson,Lakewood
80214,39.745789,-105.059616,CO,Jefferson,Wheat Ridge
80215,39.745057,-105.104454,CO,Jefferson,Denver
80215,39.745057,-105.104454,CO,Jefferson,Lakewood
80215,39.745057,-105.104454,CO,Jefferson,Wheat Ridge
80216,39.784552,-104.964547,CO,Denver,Denver
80217,39.751137,-104.99699,CO,Denver,Denver
80218,39.733269,-104.96973,CO,Denver,Denver
80219,39.698319,-105.032695,CO,Denver,Denver
80220,39.735435,-104.917507,CO,Denver,Aurora
80220,39.735435,-104.917507,CO,Denver,Denver
80221,39.83442,-105.00954,CO,Adams,Denver
80221,39.83442,-105.00954,CO,Adams,Federal Heights
80221,39.83442,-105.00954,CO,Adams,Federal Hgts
80221,39.83442,-105.00954,CO,Adams,Northglenn
80221,39.83442,-105.00954,CO,Adams,Thornton
80221,39.83442,-105.00954,CO,Adams,Westminster
80222,39.680076,-104.923754,CO,Denver,Denver
80223,39.698343,-105.002952,CO,Denver,Denver
80224,39.6877,-104.909814,CO,Denver,Denver
80225,39.724284,-105.110169,CO,Jefferson,Denver
80225,39.724284,-105.110169,CO,Jefferson,Denver Federal Center
80225,39.724284,-105.110169,CO,Jefferson,Lakewood
80226,39.713584,-105.065468,CO,Jefferson,Denver
80226,39.713584,-105.065468,CO,Jefferson,Lakewood
80227,39.66654,-105.09618,CO,Jefferson,Denver
80227,39.66654,-105.09618,CO,Jefferson,Lakewood
80228,39.69798,-105.15588,CO,Jefferson,Denver
80228,39.69798,-105.15588,CO,Jefferson,Lakewood
80229,39.8502,-104.96988,CO,Adams,Denver
80229,39.8502,-104.96988,CO,Adams,Thornton
80229,39.8502,-104.96988,CO,Adams,Welby
80230,39.730904,-104.903794,CO,Denver,Aurora
80230,39.730904,-104.903794,CO,Denver,Denver
80230,39.730904,-104.903794,CO,Denver,Lowry
80230,39.730904,-104.903794,CO,Denver,Montclair
80231,39.675732,-104.886871,CO,Denver,Aurora
80231,39.675732,-104.886871,CO,Denver,Denver
80232,39.690079,-105.085043,CO,Jefferson,Denver
80232,39.690079,-105.085043,CO,Jefferson,Lakewood
80233,39.903291,-104.948178,CO,Adams,Denver
80233,39.903291,-104.948178,CO,Adams,Northglenn
80233,39.903291,-104.948178,CO,Adams,Thornton
80234,39.903133,-105.004743,CO,Adams,Broomfield
80234,39.903133,-105.004743,CO,Adams,Denver
80234,39.903133,-105.004743,CO,Adams,Federal Heights
80234,39.903133,-105.004743,CO,Adams,Northglenn
80234,39.903133,-105.004743,CO,Adams,Thornton
80234,39.903133,-105.004743,CO,Adams,Westminster
80235,39.645945,-105.081888,CO,Jefferson,Denver
80235,39.645945,-105.081888,CO,Jefferson,Lakewood
80236,39.655391,-105.022433,CO,Denver,Denver
80236,39.655391,-105.022433,CO,Denver,Englewood
80236,39.655391,-105.022433,CO,Denver,Fort Logan
80236,39.655391,-105.022433,CO,Denver,Ft Logan
80236,39.655391,-105.022433,CO,Denver,Lakewood
80237,39.644373,-104.899832,CO,Denver,Denver
80238,39.736803,-104.982989,CO,Denver,Denver
80238,39.736803,-104.982989,CO,Denver,Montbello
80239,39.785062,-104.824573,CO,Denver,Denver
80241,39.928789,-104.945551,CO,Adams,Denver
80241,39.928789,-104.945551,CO,Adams,East Lake
80241,39.928789,-104.945551,CO,Adams,Eastlake
80241,39.928789,-104.945551,CO,Adams,Northglenn
80241,39.928789,-104.945551,CO,Adams,Thornton
80241,39.928789,-104.945551,CO,Adams,Westminster
80243,39.686348,-104.961946,CO,Denver,Colorado D M V Dept of Rev
80243,39.686348,-104.961946,CO,Denver,Denver
80244,39.749741,-104.991002,CO,Denver,Denver
80244,39.749741,-104.991002,CO,Denver,U S West Communications
80246,39.703,-104.929994,CO,Denver,Denver
80246,39.703,-104.929994,CO,Denver,Glendale
80247,39.675696,-104.885137,CO,Arapahoe,Aurora
80247,39.675696,-104.885137,CO,Arapahoe,Denver
80248,39.748464,-104.999727,CO,Denver,Denver
80249,39.776761,-104.756428,CO,Denver,Denver
80250,39.679099,-104.944689,CO,Denver,Denver
80251,39.66279,-104.853146,CO,Denver,Denver
80251,39.66279,-104.853146,CO,Denver,National Farmers Union
80252,39.79255,-104.89726,CO,Denver,Bank Americard
80252,39.79255,-104.89726,CO,Denver,Denver
80256,39.750699,-104.989735,CO,Denver,Denver
80256,39.750699,-104.989735,CO,Denver,Us Bank
80257,39.751093,-104.999498,CO,Denver,Denver
80257,39.751093,-104.999498,CO,Denver,Us Court of Appeals 10th Cir
80259,39.740324,-104.987582,CO,Denver,Denver
80259,39.740324,-104.987582,CO,Denver,Small Business Adm
80260,39.866033,-105.004313,CO,Adams,Denver
80260,39.866033,-105.004313,CO,Adams,Federal Heights
80260,39.866033,-105.004313,CO,Adams,Federal Hgts
80260,39.866033,-105.004313,CO,Adams,Northglenn
80260,39.866033,-105.004313,CO,Adams,Thornton
80260,39.866033,-105.004313,CO,Adams,Westminster
80261,39.691209,-104.984621,CO,Denver,Colorado Dept of Revenue
80261,39.691209,-104.984621,CO,Denver,Denver
80262,39.731445,-104.938641,CO,Denver,Denver
80262,39.731445,-104.938641,CO,Denver,Univ of Colorado Med Ctr
80263,39.832482,-105.007481,CO,Denver,Affiliated Banks Service Co
80263,39.832482,-105.007481,CO,Denver,Denver
80264,39.741063,-104.984981,CO,Denver,Denver
80265,39.75073,-104.995441,CO,Denver,Denver
80266,39.750435,-104.999154,CO,Denver,Commerce City
80266,39.750435,-104.999154,CO,Denver,Denver
80271,39.744563,-104.990066,CO,Denver,Denver
80271,39.744563,-104.990066,CO,Denver,First Interstate Bank
80273,39.727577,-104.988288,CO,Denver,Blue Cross Blue Shield of CO
80273,39.727577,-104.988288,CO,Denver,Denver
80274,39.742322,-104.989512,CO,Denver,Denver
80274,39.742322,-104.989512,CO,Denver,Wells Fargo Bank
80279,39.730071,-104.908071,CO,Denver,Af Acctg & Finance Ctr
80279,39.730071,-104.908071,CO,Denver,Denver
80280,39.731486,-104.907008,CO,Denver,Af Reserve Pers Ctr
80280,39.731486,-104.907008,CO,Denver,Denver
80281,39.74422,-104.98891,CO,Denver,Denver
80281,39.74422,-104.98891,CO,Denver,Wells Fargo Bank
80290,39.75264,-104.991856,CO,Denver,Denver
80291,39.743207,-104.985884,CO,Denver,Denver
80291,39.743207,-104.985884,CO,Denver,Wells Fargo Bank
80293,39.745651,-104.990424,CO,Denver,Denver
80294,39.753064,-104.990775,CO,Denver,Denver
80294,39.753064,-104.990775,CO,Denver,Federal Bldg/Us Courthouse
80295,39.753583,-104.998039,CO,Denver,Denver
80299,39.74687,-104.99312,CO,Denver,Denver
80299,39.74687,-104.99312,CO,Denver,Western Area
80301,40.045435,-105.213243,CO,Boulder,Boulder
80302,40.035467,-105.306748,CO,Boulder,Boulder
80303,39.991717,-105.2274,CO,Boulder,Boulder
80304,40.038088,-105.282837,CO,Boulder,Boulder
80305,40.015905,-105.270922,CO,Boulder,Boulder
80306,40.040316,-105.308452,CO,Boulder,Boulder
80307,39.985473,-105.235857,CO,Boulder,Boulder
80308,39.959537,-105.509752,CO,Boulder,Boulder
80309,40.009437,-105.269917,CO,Boulder,Boulder
80309,40.009437,-105.269917,CO,Boulder,University of Colorado
80310,40.009234,-105.269921,CO,Boulder,Boulder
80310,40.009234,-105.269921,CO,Boulder,Residence Halls Univ of Co
80314,40.087784,-105.199407,CO,Boulder,Boulder
80314,40.087784,-105.199407,CO,Boulder,I B M
80321,40.015447,-105.209313,CO,Boulder,Boulder
80321,40.015447,-105.209313,CO,Boulder,Neodata Business Reply
80322,40.01248,-105.209125,CO,Boulder,Boulder
80322,40.01248,-105.209125,CO,Boulder,Neodata
80323,40.012554,-105.207341,CO,Boulder,Boulder
80323,40.012554,-105.207341,CO,Boulder,Neodata
80328,40.011531,-105.211764,CO,Boulder,Boulder
80328,40.011531,-105.211764,CO,Boulder,Neodata Business Reply
80329,40.01281,-105.205353,CO,Boulder,Boulder
80329,40.01281,-105.205353,CO,Boulder,Neodata
80401,39.712606,-105.229868,CO,Jefferson,Evergreen
80401,39.712606,-105.229868,CO,Jefferson,Golden
80401,39.712606,-105.229868,CO,Jefferson,Lakewood
80402,39.756447,-105.216934,CO,Jefferson,Golden
80403,39.818028,-105.25137,CO,Jefferson,Arvada
80403,39.818028,-105.25137,CO,Jefferson,Black Hawk
80403,39.818028,-105.25137,CO,Jefferson,Blackhawk
80403,39.818028,-105.25137,CO,Jefferson,Golden
80403,39.818028,-105.25137,CO,Jefferson,Rollinsville
80419,39.742698,-105.216726,CO,Jefferson,Golden
80419,39.742698,-105.216726,CO,Jefferson,Jefferson County
80420,39.296764,-106.066278,CO,Park,Alma
80421,39.458026,-105.484852,CO,Park,Bailey
80422,39.821401,-105.500162,CO,Gilpin,Black Hawk
80422,39.821401,-105.500162,CO,Gilpin,Blackhawk
80423,39.906108,-106.632347,CO,Eagle,Bond
80424,39.472151,-106.040778,CO,Summit,Breckenridge
80425,39.36729,-105.268466,CO,Jefferson,Buffalo Creek
80426,39.88275,-106.965193,CO,Eagle,Burns
80427,39.797305,-105.514119,CO,Gilpin,Central City
80428,40.738657,-106.91443,CO,Routt,Clark
80429,39.32658,-106.23408,CO,Lake,Climax
80429,39.32658,-106.23408,CO,Lake,Leadville
80430,40.5625,-106.443889,CO,Jackson,Coalmont
80430,40.5625,-106.443889,CO,Jackson,Walden
80432,39.218495,-105.745536,CO,Park,Como
80432,39.218495,-105.745536,CO,Park,Fairplay
80433,39.515866,-105.311973,CO,Jefferson,Aspen Park
80433,39.515866,-105.311973,CO,Jefferson,Conifer
80433,39.515866,-105.311973,CO,Jefferson,Foxton
80434,40.858108,-106.310219,CO,Jackson,Cowdrey
80435,39.618708,-106.041714,CO,Summit,Dillon
80435,39.618708,-106.041714,CO,Summit,Keystone
80435,39.618708,-106.041714,CO,Summit,Montezuma
80436,39.790428,-105.642576,CO,Clear Creek,Dumont
80437,39.635589,-105.340787,CO,Jefferson,Evergreen
80438,39.766658,-105.71116,CO,Clear Creek,Empire
80439,39.608071,-105.332386,CO,Jefferson,Evergreen
80439,39.608071,-105.332386,CO,Jefferson,Golden
80440,39.207943,-106.00152,CO,Park,Fairplay
80442,39.951119,-105.814806,CO,Grand,Fraser
80443,39.57438,-106.09692,CO,Summit,Copper Mtn
80443,39.57438,-106.09692,CO,Summit,Frisco
80444,39.708322,-105.694429,CO,Clear Creek,Georgetown
80446,40.0617,-105.87894,CO,Grand,Granby
80446,40.0617,-105.87894,CO,Grand,Silvercreek
80447,40.212899,-105.855002,CO,Grand,Grand Lake
80448,39.48432,-105.74181,CO,Park,Grant
80448,39.48432,-105.74181,CO,Park,Shawnee
80449,38.861422,-105.804729,CO,Park,Hartsel
80451,40.074422,-106.104276,CO,Grand,Hot Slphr Spr
80451,40.074422,-106.104276,CO,Grand,Hot Sulphur Springs
80452,39.736355,-105.522767,CO,Clear Creek,Idaho Springs
80453,39.666725,-105.253606,CO,Jefferson,Idledale
80454,39.631893,-105.251516,CO,Jefferson,Indian Hills
80455,40.09798,-105.404295,CO,Boulder,Jamestown
80456,39.224722,-106.001389,CO,Park,Fairplay
80456,39.224722,-106.001389,CO,Park,Jefferson
80457,39.65471,-105.295448,CO,Jefferson,Kittredge
80459,40.074207,-106.407762,CO,Grand,Kremmling
80461,39.249613,-106.297523,CO,Lake,Leadville
80463,39.876018,-106.758054,CO,Eagle,Mc Coy
80465,39.612381,-105.226694,CO,Jefferson,Morrison
80466,39.96326,-105.492728,CO,Boulder,Nederland
80467,40.263177,-106.887857,CO,Routt,Oak Creek
80468,39.940874,-106.154665,CO,Grand,Parshall
80469,40.217516,-106.9621,CO,Routt,Phippsburg
80470,39.462199,-105.367398,CO,Jefferson,Pine
80471,39.940262,-105.463365,CO,Boulder,Pinecliffe
80473,40.464742,-106.185505,CO,Jackson,Rand
80474,39.879622,-105.485351,CO,Gilpin,Rollinsville
80475,39.434466,-105.587075,CO,Park,Shawnee
80476,39.694255,-105.73504,CO,Clear Creek,Silver Plume
80477,40.477411,-106.84547,CO,Routt,Steamboat
80477,40.477411,-106.84547,CO,Routt,Steamboat Spr
80477,40.477411,-106.84547,CO,Routt,Steamboat Springs
80478,40.002845,-105.883499,CO,Grand,Tabernash
80479,40.050052,-106.834689,CO,Routt,Toponas
80480,40.647089,-106.301099,CO,Jackson,Walden
80481,40.095849,-105.475897,CO,Boulder,Ward
80482,39.938856,-105.795816,CO,Grand,Winter Park
80483,40.148581,-106.924602,CO,Routt,Yampa
80487,40.488148,-106.868862,CO,Routt,Steamboat
80487,40.488148,-106.868862,CO,Routt,Steamboat Spr
80487,40.488148,-106.868862,CO,Routt,Steamboat Springs
80488,40.476275,-106.850394,CO,Routt,Steamboat
80488,40.476275,-106.850394,CO,Routt,Steamboat Spr
80488,40.476275,-106.850394,CO,Routt,Steamboat Springs
80497,39.640551,-106.062121,CO,Summit,Silverthorne
80498,40.06,-106.4,CO,Summit,Heeney
80498,40.06,-106.4,CO,Summit,Silverthorne
80501,40.166839,-105.134916,CO,Boulder,Longmont
80502,40.027278,-105.29667,CO,Boulder,Longmont
80503,40.153029,-105.1713,CO,Boulder,Longmont
80503,40.153029,-105.1713,CO,Boulder,Niwot
80504,40.160065,-104.966226,CO,Weld,Firestone
80504,40.160065,-104.966226,CO,Weld,Frederick
80504,40.160065,-104.966226,CO,Weld,Longmont
80504,40.160065,-104.966226,CO,Weld,Niwot
80510,40.217787,-105.524901,CO,Boulder,Allenspark
80511,40.338655,-105.563994,CO,Larimer,Estes Park
80512,40.636798,-105.327467,CO,Larimer,Bellvue
80513,40.29499,-105.123816,CO,Larimer,Berthoud
80514,40.084772,-104.929982,CO,Weld,Dacono
80514,40.084772,-104.929982,CO,Weld,Erie
80515,40.441457,-105.369149,CO,Larimer,Drake
80516,40.055613,-105.026348,CO,Boulder,Erie
80516,40.055613,-105.026348,CO,Boulder,Frederick
80517,40.365932,-105.515995,CO,Larimer,Estes Park
80517,40.365932,-105.515995,CO,Larimer,Rocky Mountain National Park
80520,40.10983,-104.93468,CO,Weld,Firestone
80521,40.584979,-105.114124,CO,Larimer,Fort Collins
80521,40.584979,-105.114124,CO,Larimer,Ft Collins
80522,40.594542,-105.127399,CO,Larimer,Fort Collins
80522,40.594542,-105.127399,CO,Larimer,Ft Collins
80523,40.57224,-105.086088,CO,Larimer,Colorado State University
80523,40.57224,-105.086088,CO,Larimer,Fort Collins
80524,40.63551,-105.049839,CO,Larimer,Fort Collins
80524,40.63551,-105.049839,CO,Larimer,Ft Collins
80525,40.534158,-105.043374,CO,Larimer,Fort Collins
80525,40.534158,-105.043374,CO,Larimer,Ft Collins
80526,40.54558,-105.112604,CO,Larimer,Fort Collins
80526,40.54558,-105.112604,CO,Larimer,Ft Collins
80527,40.533235,-105.071191,CO,Larimer,Fort Collins
80527,40.533235,-105.071191,CO,Larimer,Ft Collins
80528,40.583017,-105.08245,CO,Larimer,Fort Collins
80528,40.583017,-105.08245,CO,Larimer,Windsor
80530,40.101205,-104.935223,CO,Weld,Frederick
80532,40.457347,-105.443964,CO,Larimer,Glen Haven
80533,40.199537,-105.188054,CO,Boulder,Hygiene
80534,40.30575,-105.07455,CO,Weld,Johnstown
80534,40.30575,-105.07455,CO,Weld,Loveland
80535,40.658354,-105.160262,CO,Larimer,Laporte
80536,40.85886,-105.37332,CO,Larimer,Livermore
80536,40.85886,-105.37332,CO,Larimer,Red Feather Lakes
80536,40.85886,-105.37332,CO,Larimer,Virginia Dale
80537,40.388634,-105.105597,CO,Larimer,Loveland
80538,40.427281,-105.093422,CO,Larimer,Loveland
80539,40.396427,-105.07438,CO,Larimer,Loveland
80540,40.217295,-105.30057,CO,Boulder,Lyons
80541,40.55497,-105.389763,CO,Larimer,Masonville
80542,40.239028,-104.998324,CO,Weld,Mead
80543,40.335711,-104.855069,CO,Weld,Milliken
80544,40.102204,-105.174894,CO,Boulder,Niwot
80545,40.804665,-105.593375,CO,Larimer,Red Fe Lks
80545,40.804665,-105.593375,CO,Larimer,Red Feather Lakes
80546,40.525571,-104.850084,CO,Weld,Severance
80547,40.530372,-104.98376,CO,Larimer,Timnath
80549,40.746861,-105.02639,CO,Larimer,Wellington
80550,40.480502,-104.904076,CO,Weld,Windsor
80551,40.4775,-104.900833,CO,Weld,Eastman Kodak Co
80551,40.4775,-104.900833,CO,Weld,Windsor
80553,40.565319,-105.045445,CO,Larimer,Fort Collins
80553,40.565319,-105.045445,CO,Larimer,Ft Collins
80553,40.565319,-105.045445,CO,Larimer,Teledyne Water Pik
80601,39.964059,-104.817375,CO,Adams,Brighton
80601,39.964059,-104.817375,CO,Adams,Thornton
80602,39.960305,-104.910703,CO,Adams,Brighton
80602,39.960305,-104.910703,CO,Adams,Thornton
80603,39.99159,-104.696847,CO,Weld,Brighton
80603,39.99159,-104.696847,CO,Weld,Lochbuie
80610,40.619513,-104.701943,CO,Weld,Ault
80611,40.636008,-104.34713,CO,Weld,Briggsdale
80612,40.85029,-104.86004,CO,Weld,Carr
80614,39.933629,-104.958201,CO,Adams,Eastlake
80615,40.524123,-104.687892,CO,Weld,Eaton
80620,40.379688,-104.698376,CO,Weld,Evans
80621,40.099919,-104.805331,CO,Weld,Fort Lupton
80621,40.099919,-104.805331,CO,Weld,Ft Lupton
80621,40.099919,-104.805331,CO,Weld,Wattenburg
80622,40.504673,-104.623046,CO,Weld,Galeton
80623,40.284835,-104.776641,CO,Weld,Gilcrest
80624,40.475625,-104.52559,CO,Weld,Gill
80631,40.418082,-104.708389,CO,Weld,Garden City
80631,40.418082,-104.708389,CO,Weld,Greeley
80632,40.422987,-104.698006,CO,Weld,Greeley
80633,40.42383,-104.69538,CO,Weld,Greeley
80634,40.408834,-104.760402,CO,Weld,Greeley
80638,40.42176,-104.744042,CO,Weld,Greeley
80638,40.42176,-104.744042,CO,Weld,State Farm Ins
80639,40.401197,-104.701365,CO,Weld,Greeley
80639,40.401197,-104.701365,CO,Weld,Univ of Northern Colorado
80640,39.871048,-104.883399,CO,Adams,Henderson
80642,40.077349,-104.641907,CO,Weld,Hudson
80643,40.096167,-104.505829,CO,Weld,Keenesburg
80644,40.341639,-104.529139,CO,Weld,Kersey
80645,40.336011,-104.686585,CO,Weld,La Salle
80646,40.483405,-104.699549,CO,Weld,Lucerne
80648,40.753345,-104.741291,CO,Weld,Nunn
80649,40.371009,-104.099016,CO,Morgan,Orchard
80650,40.640189,-104.758624,CO,Weld,Pierce
80651,40.223774,-104.822498,CO,Weld,Platteville
80652,40.115915,-104.314832,CO,Weld,Roggen
80653,40.36017,-104.01975,CO,Morgan,Weldona
80654,40.157963,-104.074736,CO,Morgan,Hoyt
80654,40.157963,-104.074736,CO,Morgan,Wiggins
80701,40.256639,-103.806491,CO,Morgan,Fort Morgan
80705,40.2609,-103.81854,CO,Morgan,Fort Morgan
80705,40.2609,-103.81854,CO,Morgan,Log Lane Village
80705,40.2609,-103.81854,CO,Morgan,Log Lane Vlg
80720,40.054042,-103.205127,CO,Washington,Akron
80721,40.680501,-102.168012,CO,Phillips,Amherst
80722,40.529862,-103.266379,CO,Logan,Atwood
80723,40.250157,-103.619204,CO,Morgan,Brush
80726,40.909481,-102.812552,CO,Logan,Crook
80727,40.026993,-102.521039,CO,Yuma,Eckley
80728,40.618591,-102.853003,CO,Logan,Fleming
80729,40.855794,-104.11104,CO,Weld,Grover
80731,40.640627,-102.627341,CO,Phillips,Haxtun
80732,40.974649,-104.303001,CO,Weld,Hereford
80733,40.333267,-103.510516,CO,Morgan,Hillrose
80734,40.583683,-102.302044,CO,Phillips,Holyoke
80735,39.71976,-102.25464,CO,Yuma,Hale
80735,39.71976,-102.25464,CO,Yuma,Idalia
80736,40.808431,-103.046988,CO,Logan,Iliff
80737,40.88384,-102.185425,CO,Sedgwick,Julesburg
80740,39.750888,-103.385923,CO,Washington,Lindon
80741,40.53192,-103.41324,CO,Logan,Merino
80741,40.53192,-103.41324,CO,Logan,Willard
80742,40.643775,-103.873642,CO,Weld,Fort Morgan
80742,40.643775,-103.873642,CO,Weld,New Raymer
80742,40.643775,-103.873642,CO,Weld,Raymer
80743,40.208232,-102.961898,CO,Washington,Otis
80744,40.934084,-102.381984,CO,Sedgwick,Ovid
80745,40.842172,-103.291729,CO,Logan,Padroni
80746,40.60804,-102.549851,CO,Phillips,Paoli
80747,40.950335,-103.070573,CO,Logan,Peetz
80749,40.915405,-102.533321,CO,Sedgwick,Sedgwick
80750,40.385974,-103.615588,CO,Morgan,Snyder
80751,40.636291,-103.210799,CO,Logan,Sterling
80754,40.597586,-103.648467,CO,Weld,Stoneham
80755,39.927165,-102.357424,CO,Yuma,Vernon
80757,39.733095,-103.505678,CO,Washington,Last Chance
80757,39.733095,-103.505678,CO,Washington,Woodrow
80758,40.19268,-102.27186,CO,Yuma,Laird
80758,40.19268,-102.27186,CO,Yuma,Wray
80759,40.133756,-102.693014,CO,Yuma,Yuma
80801,39.709723,-103.281853,CO,Washington,Anton
80801,39.709723,-103.281853,CO,Washington,Arickaree
80802,38.920045,-102.226031,CO,Cheyenne,Arapahoe
80804,39.285797,-103.297244,CO,Lincoln,Arriba
80805,39.313695,-102.437199,CO,Kit Carson,Bethune
80807,39.304827,-102.246973,CO,Kit Carson,Burlington
80808,38.976792,-104.316048,CO,El Paso,Calhan
80808,38.976792,-104.316048,CO,El Paso,Ellicott
80809,38.911495,-104.985682,CO,El Paso,Cascade
80809,38.911495,-104.985682,CO,El Paso,Chipita Park
80810,38.850458,-102.381819,CO,Cheyenne,Cheyenne Wells
80810,38.850458,-102.381819,CO,Cheyenne,Cheyenne Wls
80810,38.850458,-102.381819,CO,Cheyenne,First View
80812,39.686758,-102.877262,CO,Washington,Cope
80813,38.776126,-105.186093,CO,Teller,Cripple Creek
80814,38.942016,-105.180968,CO,Teller,Divide
80815,39.321415,-103.060033,CO,Kit Carson,Flagler
80816,38.891057,-105.264451,CO,Teller,Florissant
80816,38.891057,-105.264451,CO,Teller,Florissant Fossil Beds Natio
80816,38.891057,-105.264451,CO,Teller,Twin Rock
80817,38.698619,-104.696917,CO,El Paso,Fountain
80818,39.275097,-103.500657,CO,Lincoln,Bovina
80818,39.275097,-103.500657,CO,Lincoln,Genoa
80819,38.932824,-105.016988,CO,El Paso,Green Mountain Falls
80819,38.932824,-105.016988,CO,El Paso,Green Mtn Fls
80819,38.932824,-105.016988,CO,El Paso,Ute Pass
80820,38.77997,-105.510388,CO,Park,Guffey
80821,38.94289,-103.26991,CO,Lincoln,Boyero
80821,38.94289,-103.26991,CO,Lincoln,Hugo
80821,38.94289,-103.26991,CO,Lincoln,Punkin Center
80822,39.745819,-102.62312,CO,Yuma,Joes
80823,38.697405,-103.42135,CO,Lincoln,Karval
80824,39.667666,-102.417352,CO,Yuma,Kirk
80825,38.802746,-102.772985,CO,Cheyenne,Kit Carson
80826,39.263889,-103.692415,CO,Lincoln,Limon
80826,39.263889,-103.692415,CO,Lincoln,Limon Correctional Facility
80827,39.06372,-105.48684,CO,Park,Lake George
80827,39.06372,-105.48684,CO,Park,Tarryall
80828,39.261367,-103.688061,CO,Lincoln,Limon
80829,38.855979,-104.906332,CO,El Paso,Crystal Hills
80829,38.855979,-104.906332,CO,El Paso,Manitou Spgs
80829,38.855979,-104.906332,CO,El Paso,Manitou Springs
80830,39.09297,-103.918338,CO,Elbert,Matheson
80831,38.98998,-104.50518,CO,El Paso,Amo
80831,38.98998,-104.50518,CO,El Paso,Eastonville
80831,38.98998,-104.50518,CO,El Paso,Peyton
80832,39.088054,-104.081653,CO,El Paso,Ramah
80833,38.923499,-104.031203,CO,El Paso,Rush
80834,39.284699,-102.885676,CO,Kit Carson,Seibert
80835,39.182899,-104.08289,CO,Elbert,Simla
80836,39.311476,-102.580991,CO,Kit Carson,Stratton
80840,38.999759,-104.695596,CO,El Paso,Colo Spgs
80840,38.999759,-104.695596,CO,El Paso,Colorado Springs
80840,38.999759,-104.695596,CO,El Paso,U S A F Academy
80840,38.999759,-104.695596,CO,El Paso,United States Air Force Acad
80840,38.999759,-104.695596,CO,El Paso,US Air Force
80840,38.999759,-104.695596,CO,El Paso,USAF Academy
80841,39.01074,-104.866903,CO,El Paso,Cadet Station
80841,39.01074,-104.866903,CO,El Paso,U S A F Academy
80841,39.01074,-104.866903,CO,El Paso,USAF Academy
80860,38.739224,-105.125564,CO,Teller,Elkton
80860,38.739224,-105.125564,CO,Teller,Goldfield
80860,38.739224,-105.125564,CO,Teller,Victor
80861,39.35388,-102.735678,CO,Kit Carson,Vona
80862,38.914328,-103.045161,CO,Cheyenne,Aroya
80862,38.914328,-103.045161,CO,Cheyenne,Wild Horse
80863,38.992976,-105.071027,CO,Teller,Crystola
80863,38.992976,-105.071027,CO,Teller,Westwood Lake
80863,38.992976,-105.071027,CO,Teller,Woodland Park
80864,38.751983,-104.20064,CO,El Paso,Edison
80864,38.751983,-104.20064,CO,El Paso,Truckton
80864,38.751983,-104.20064,CO,El Paso,Yoder
80866,38.994835,-105.060746,CO,Teller,Woodland Park
80901,38.834608,-104.82255,CO,El Paso,Co Spgs
80901,38.834608,-104.82255,CO,El Paso,Colo Spgs
80901,38.834608,-104.82255,CO,El Paso,Colorado Spgs
80901,38.834608,-104.82255,CO,El Paso,Colorado Springs
80902,38.759197,-104.809176,CO,El Paso,Co Spgs
80902,38.759197,-104.809176,CO,El Paso,Colo Spgs
80902,38.759197,-104.809176,CO,El Paso,Colorado Spgs
80902,38.759197,-104.809176,CO,El Paso,Colorado Springs
80902,38.759197,-104.809176,CO,El Paso,Fort Carson
80902,38.759197,-104.809176,CO,El Paso,Ft Carson
80903,38.831839,-104.818927,CO,El Paso,Co Spgs
80903,38.831839,-104.818927,CO,El Paso,Colo Spgs
80903,38.831839,-104.818927,CO,El Paso,Colorado Spgs
80903,38.831839,-104.818927,CO,El Paso,Colorado Springs
80904,38.855129,-104.865127,CO,El Paso,Co Spgs
80904,38.855129,-104.865127,CO,El Paso,Colo Spgs
80904,38.855129,-104.865127,CO,El Paso,Colorado Spgs
80904,38.855129,-104.865127,CO,El Paso,Colorado Springs
80905,38.836829,-104.837659,CO,El Paso,Co Spgs
80905,38.836829,-104.837659,CO,El Paso,Colo Spgs
80905,38.836829,-104.837659,CO,El Paso,Colorado Spgs
80905,38.836829,-104.837659,CO,El Paso,Colorado Springs
80906,38.791623,-104.825814,CO,El Paso,Co Spgs
80906,38.791623,-104.825814,CO,El Paso,Colo Spgs
80906,38.791623,-104.825814,CO,El Paso,Colorado Spgs
80906,38.791623,-104.825814,CO,El Paso,Colorado Springs
80906,38.791623,-104.825814,CO,El Paso,Stratmoor Hills
80907,38.881982,-104.814334,CO,El Paso,Co Spgs
80907,38.881982,-104.814334,CO,El Paso,Colo Spgs
80907,38.881982,-104.814334,CO,El Paso,Colorado Spgs
80907,38.881982,-104.814334,CO,El Paso,Colorado Springs
80908,39.04641,-104.66991,CO,El Paso,Black Forest
80908,39.04641,-104.66991,CO,El Paso,Co Spgs
80908,39.04641,-104.66991,CO,El Paso,Colo Spgs
80908,39.04641,-104.66991,CO,El Paso,Colorado Spgs
80908,39.04641,-104.66991,CO,El Paso,Colorado Springs
80909,38.852846,-104.761164,CO,El Paso,Co Spgs
80909,38.852846,-104.761164,CO,El Paso,Colo Spgs
80909,38.852846,-104.761164,CO,El Paso,Colorado Spgs
80909,38.852846,-104.761164,CO,El Paso,Colorado Springs
80910,38.816626,-104.777849,CO,El Paso,Co Spgs
80910,38.816626,-104.777849,CO,El Paso,Colo Spgs
80910,38.816626,-104.777849,CO,El Paso,Colorado Spgs
80910,38.816626,-104.777849,CO,El Paso,Colorado Springs
80911,38.73881,-104.70781,CO,El Paso,Co Spgs
80911,38.73881,-104.70781,CO,El Paso,Colo Spgs
80911,38.73881,-104.70781,CO,El Paso,Colorado Spgs
80911,38.73881,-104.70781,CO,El Paso,Colorado Springs
80911,38.73881,-104.70781,CO,El Paso,Security
80911,38.73881,-104.70781,CO,El Paso,Widefield
80912,39.047451,-104.696155,CO,El Paso,Co Spgs
80912,39.047451,-104.696155,CO,El Paso,Colo Spgs
80912,39.047451,-104.696155,CO,El Paso,Colorado Spgs
80912,39.047451,-104.696155,CO,El Paso,Colorado Springs
80912,39.047451,-104.696155,CO,El Paso,Consolidated Space Operation
80912,39.047451,-104.696155,CO,El Paso,CSOC
80912,39.047451,-104.696155,CO,El Paso,Ent Air Force Base
80912,39.047451,-104.696155,CO,El Paso,Falcon AFB
80912,39.047451,-104.696155,CO,El Paso,Schriever AFB
80912,39.047451,-104.696155,CO,El Paso,Schriever Air Force Base
80912,39.047451,-104.696155,CO,El Paso,Schriever Air Station
80913,38.609596,-104.809735,CO,El Paso,Co Spgs
80913,38.609596,-104.809735,CO,El Paso,Colo Spgs
80913,38.609596,-104.809735,CO,El Paso,Colorado Spgs
80913,38.609596,-104.809735,CO,El Paso,Colorado Springs
80913,38.609596,-104.809735,CO,El Paso,Fort Carson
80913,38.609596,-104.809735,CO,El Paso,Ft Carson
80914,38.786821,-104.714138,CO,El Paso,Chey Mtn AFB
80914,38.786821,-104.714138,CO,El Paso,Cheyenne Mountain AFB
80914,38.786821,-104.714138,CO,El Paso,Cheyenne Mt Complex
80914,38.786821,-104.714138,CO,El Paso,Cheyenne Mtn AFB
80914,38.786821,-104.714138,CO,El Paso,Cmafb
80914,38.786821,-104.714138,CO,El Paso,Co Spgs
80914,38.786821,-104.714138,CO,El Paso,Colo Spgs
80914,38.786821,-104.714138,CO,El Paso,Colorado Spgs
80914,38.786821,-104.714138,CO,El Paso,Colorado Springs
80914,38.786821,-104.714138,CO,El Paso,Peterson A F B
80914,38.786821,-104.714138,CO,El Paso,Peterson AFB
80914,38.786821,-104.714138,CO,El Paso,Peterson Air Force Base
80915,38.856009,-104.716668,CO,El Paso,Cimarron Hills
80915,38.856009,-104.716668,CO,El Paso,Co Spgs
80915,38.856009,-104.716668,CO,El Paso,Colo Spgs
80915,38.856009,-104.716668,CO,El Paso,Colorado Spgs
80915,38.856009,-104.716668,CO,El Paso,Colorado Springs
80916,38.803293,-104.707538,CO,El Paso,Co Spgs
80916,38.803293,-104.707538,CO,El Paso,Colo Spgs
80916,38.803293,-104.707538,CO,El Paso,Colorado Spgs
80916,38.803293,-104.707538,CO,El Paso,Colorado Springs
80917,38.88764,-104.738816,CO,El Paso,Co Spgs
80917,38.88764,-104.738816,CO,El Paso,Colo Spgs
80917,38.88764,-104.738816,CO,El Paso,Colorado Spgs
80917,38.88764,-104.738816,CO,El Paso,Colorado Springs
80918,38.915062,-104.773227,CO,El Paso,Co Spgs
80918,38.915062,-104.773227,CO,El Paso,Colo Spgs
80918,38.915062,-104.773227,CO,El Paso,Colorado Spgs
80918,38.915062,-104.773227,CO,El Paso,Colorado Springs
80919,38.928018,-104.848484,CO,El Paso,Co Spgs
80919,38.928018,-104.848484,CO,El Paso,Colo Spgs
80919,38.928018,-104.848484,CO,El Paso,Colorado Spgs
80919,38.928018,-104.848484,CO,El Paso,Colorado Springs
80919,38.928018,-104.848484,CO,El Paso,Rockrimmon
80920,38.958459,-104.757058,CO,El Paso,Co Spgs
80920,38.958459,-104.757058,CO,El Paso,Colo Spgs
80920,38.958459,-104.757058,CO,El Paso,Colorado Spgs
80920,38.958459,-104.757058,CO,El Paso,Colorado Springs
80921,39.047737,-104.816446,CO,El Paso,Co Spgs
80921,39.047737,-104.816446,CO,El Paso,Colo Spgs
80921,39.047737,-104.816446,CO,El Paso,Colorado Spgs
80921,39.047737,-104.816446,CO,El Paso,Colorado Springs
80922,38.898824,-104.700007,CO,El Paso,Cimarron Hills
80922,38.898824,-104.700007,CO,El Paso,Co Spgs
80922,38.898824,-104.700007,CO,El Paso,Colo Spgs
80922,38.898824,-104.700007,CO,El Paso,Colorado Spgs
80922,38.898824,-104.700007,CO,El Paso,Colorado Springs
80923,38.899457,-104.699208,CO,El Paso,Cimarron Hills
80923,38.899457,-104.699208,CO,El Paso,Co Spgs
80923,38.899457,-104.699208,CO,El Paso,Colo Spgs
80923,38.899457,-104.699208,CO,El Paso,Colorado Spgs
80923,38.899457,-104.699208,CO,El Paso,Colorado Springs
80924,38.739417,-104.63517,CO,El Paso,Co Spgs
80924,38.739417,-104.63517,CO,El Paso,Colo Spgs
80924,38.739417,-104.63517,CO,El Paso,Colorado Spgs
80924,38.739417,-104.63517,CO,El Paso,Colorado Springs
80925,38.739647,-104.635922,CO,El Paso,Co Spgs
80925,38.739647,-104.635922,CO,El Paso,Colo Spgs
80925,38.739647,-104.635922,CO,El Paso,Colorado Spgs
80925,38.739647,-104.635922,CO,El Paso,Colorado Springs
80925,38.739647,-104.635922,CO,El Paso,Security
80926,38.663492,-104.909353,CO,El Paso,Co Spgs
80926,38.663492,-104.909353,CO,El Paso,Colo Spgs
80926,38.663492,-104.909353,CO,El Paso,Colorado Spgs
80926,38.663492,-104.909353,CO,El Paso,Colorado Springs
80927,38.664269,-104.909568,CO,El Paso,Cimarron Hills
80927,38.664269,-104.909568,CO,El Paso,Co Spgs
80927,38.664269,-104.909568,CO,El Paso,Colo Spgs
80927,38.664269,-104.909568,CO,El Paso,Colorado Spgs
80927,38.664269,-104.909568,CO,El Paso,Colorado Springs
80928,38.588656,-104.442148,CO,El Paso,Co Spgs
80928,38.588656,-104.442148,CO,El Paso,Colo Spgs
80928,38.588656,-104.442148,CO,El Paso,Colorado Spgs
80928,38.588656,-104.442148,CO,El Paso,Colorado Springs
80928,38.588656,-104.442148,CO,El Paso,Security
80929,38.814846,-104.619185,CO,El Paso,Co Spgs
80929,38.814846,-104.619185,CO,El Paso,Colo Spgs
80929,38.814846,-104.619185,CO,El Paso,Colorado Spgs
80929,38.814846,-104.619185,CO,El Paso,Colorado Springs
80929,38.814846,-104.619185,CO,El Paso,Security
80930,38.830904,-104.51363,CO,El Paso,Co Spgs
80930,38.830904,-104.51363,CO,El Paso,Colo Spgs
80930,38.830904,-104.51363,CO,El Paso,Colorado Spgs
80930,38.830904,-104.51363,CO,El Paso,Colorado Springs
80930,38.830904,-104.51363,CO,El Paso,Security
80931,38.75272,-104.731586,CO,El Paso,Co Spgs
80931,38.75272,-104.731586,CO,El Paso,Colo Spgs
80931,38.75272,-104.731586,CO,El Paso,Colorado Spgs
80931,38.75272,-104.731586,CO,El Paso,Colorado Springs
80931,38.75272,-104.731586,CO,El Paso,Security
80932,38.848511,-104.780034,CO,El Paso,Co Spgs
80932,38.848511,-104.780034,CO,El Paso,Colo Spgs
80932,38.848511,-104.780034,CO,El Paso,Colorado Spgs
80932,38.848511,-104.780034,CO,El Paso,Colorado Springs
80933,38.934825,-105.004782,CO,El Paso,Co Spgs
80933,38.934825,-105.004782,CO,El Paso,Colo Spgs
80933,38.934825,-105.004782,CO,El Paso,Colorado Spgs
80933,38.934825,-105.004782,CO,El Paso,Colorado Springs
80934,38.844726,-104.860092,CO,El Paso,Co Spgs
80934,38.844726,-104.860092,CO,El Paso,Colo Spgs
80934,38.844726,-104.860092,CO,El Paso,Colorado Spgs
80934,38.844726,-104.860092,CO,El Paso,Colorado Springs
80935,38.833696,-104.818441,CO,El Paso,Co Spgs
80935,38.833696,-104.818441,CO,El Paso,Colo Spgs
80935,38.833696,-104.818441,CO,El Paso,Colorado Spgs
80935,38.833696,-104.818441,CO,El Paso,Colorado Springs
80936,38.906063,-104.753199,CO,El Paso,Co Spgs
80936,38.906063,-104.753199,CO,El Paso,Colo Spgs
80936,38.906063,-104.753199,CO,El Paso,Colorado Spgs
80936,38.906063,-104.753199,CO,El Paso,Colorado Springs
80937,38.798001,-104.836875,CO,El Paso,Co Spgs
80937,38.798001,-104.836875,CO,El Paso,Colo Spgs
80937,38.798001,-104.836875,CO,El Paso,Colorado Spgs
80937,38.798001,-104.836875,CO,El Paso,Colorado Springs
80938,38.79769,-104.837067,CO,El Paso,Cimarron Hills
80938,38.79769,-104.837067,CO,El Paso,Co Spgs
80938,38.79769,-104.837067,CO,El Paso,Colo Spgs
80938,38.79769,-104.837067,CO,El Paso,Colorado Spgs
80938,38.79769,-104.837067,CO,El Paso,Colorado Springs
80939,38.798565,-104.836169,CO,El Paso,Cimarron Hills
80939,38.798565,-104.836169,CO,El Paso,Co Spgs
80939,38.798565,-104.836169,CO,El Paso,Colo Spgs
80939,38.798565,-104.836169,CO,El Paso,Colorado Spgs
80939,38.798565,-104.836169,CO,El Paso,Colorado Springs
80940,38.812439,-104.758628,CO,El Paso,Colo Spgs
80940,38.812439,-104.758628,CO,El Paso,Colorado Spgs
80940,38.812439,-104.758628,CO,El Paso,Colorado Springs
80940,38.812439,-104.758628,CO,El Paso,Walter Drake
80941,38.866594,-104.755324,CO,El Paso,Colo Spgs
80941,38.866594,-104.755324,CO,El Paso,Colorado Spgs
80941,38.866594,-104.755324,CO,El Paso,Colorado Springs
80941,38.866594,-104.755324,CO,El Paso,Current Inc
80942,38.834659,-104.822936,CO,El Paso,Colo Spgs
80942,38.834659,-104.822936,CO,El Paso,Colorado Spgs
80942,38.834659,-104.822936,CO,El Paso,Colorado Springs
80942,38.834659,-104.822936,CO,El Paso,First National Bank
80943,38.837361,-104.823078,CO,El Paso,Colo Spgs
80943,38.837361,-104.823078,CO,El Paso,Colorado Spgs
80943,38.837361,-104.823078,CO,El Paso,Colorado Springs
80943,38.837361,-104.823078,CO,El Paso,Exchange Natl Bank
80944,38.832646,-104.822595,CO,El Paso,C O Interstate Gas
80944,38.832646,-104.822595,CO,El Paso,Colo Spgs
80944,38.832646,-104.822595,CO,El Paso,Colorado Spgs
80944,38.832646,-104.822595,CO,El Paso,Colorado Springs
80945,38.838745,-104.797322,CO,El Paso,Cablevision
80945,38.838745,-104.797322,CO,El Paso,Colo Spgs
80945,38.838745,-104.797322,CO,El Paso,Colorado Spgs
80945,38.838745,-104.797322,CO,El Paso,Colorado Springs
80946,38.847888,-104.824771,CO,El Paso,Colo Spgs
80946,38.847888,-104.824771,CO,El Paso,Colorado College
80946,38.847888,-104.824771,CO,El Paso,Colorado Spgs
80946,38.847888,-104.824771,CO,El Paso,Colorado Springs
80947,38.832634,-104.819249,CO,El Paso,Co Spgs Utilities
80947,38.832634,-104.819249,CO,El Paso,Colo Spgs
80947,38.832634,-104.819249,CO,El Paso,Colorado Spgs
80947,38.832634,-104.819249,CO,El Paso,Colorado Springs
80949,38.929049,-104.855865,CO,El Paso,Colo Spgs
80949,38.929049,-104.855865,CO,El Paso,Colorado Spgs
80949,38.929049,-104.855865,CO,El Paso,Colorado Springs
80949,38.929049,-104.855865,CO,El Paso,Rockrimmon
80950,38.837558,-104.795156,CO,El Paso,Colo Spgs
80950,38.837558,-104.795156,CO,El Paso,Colorado Spgs
80950,38.837558,-104.795156,CO,El Paso,Colorado Springs
80950,38.837558,-104.795156,CO,El Paso,Olympic Comm
80951,38.837139,-104.795539,CO,El Paso,Cimarron Hills
80951,38.837139,-104.795539,CO,El Paso,Co Spgs
80951,38.837139,-104.795539,CO,El Paso,Colo Spgs
80951,38.837139,-104.795539,CO,El Paso,Colorado Spgs
80951,38.837139,-104.795539,CO,El Paso,Colorado Springs
80960,38.810217,-104.816961,CO,El Paso,Co Spgs
80960,38.810217,-104.816961,CO,El Paso,Colo Spgs
80960,38.810217,-104.816961,CO,El Paso,Colorado Spgs
80960,38.810217,-104.816961,CO,El Paso,Colorado Springs
80962,38.954393,-104.733997,CO,El Paso,Colo Spgs
80962,38.954393,-104.733997,CO,El Paso,Colorado Spgs
80962,38.954393,-104.733997,CO,El Paso,Colorado Springs
80970,38.848525,-104.7177,CO,El Paso,Cimarron Hills
80970,38.848525,-104.7177,CO,El Paso,Colo Spgs
80970,38.848525,-104.7177,CO,El Paso,Colorado Spgs
80970,38.848525,-104.7177,CO,El Paso,Colorado Springs
80977,38.772039,-104.665048,CO,El Paso,Colo Spgs
80977,38.772039,-104.665048,CO,El Paso,Colorado Spgs
80977,38.772039,-104.665048,CO,El Paso,Colorado Springs
80977,38.772039,-104.665048,CO,El Paso,Us Olympic Committee
80995,38.964661,-104.792493,CO,El Paso,Colo Spgs
80995,38.964661,-104.792493,CO,El Paso,Colorado Spgs
80995,38.964661,-104.792493,CO,El Paso,Colorado Springs
80995,38.964661,-104.792493,CO,El Paso,Focus on the Family
80997,38.877688,-104.819099,CO,El Paso,Colo Spgs
80997,38.877688,-104.819099,CO,El Paso,Colorado Spgs
80997,38.877688,-104.819099,CO,El Paso,Colorado Springs
80997,38.877688,-104.819099,CO,El Paso,Compassion International
81001,38.285226,-104.577144,CO,Pueblo,Belle Plain
81001,38.285226,-104.577144,CO,Pueblo,Devine
81001,38.285226,-104.577144,CO,Pueblo,Pueblo
81001,38.285226,-104.577144,CO,Pueblo,Pueblo Army Depot
81001,38.285226,-104.577144,CO,Pueblo,Pueblo Dep Ac
81001,38.285226,-104.577144,CO,Pueblo,Pueblo Depot Activity
81002,38.253797,-104.607766,CO,Pueblo,Pueblo
81003,38.282078,-104.625815,CO,Pueblo,Pueblo
81004,38.226239,-104.660953,CO,Pueblo,Bessemer
81004,38.226239,-104.660953,CO,Pueblo,Pueblo
81005,38.233107,-104.710769,CO,Pueblo,Pueblo
81006,38.244574,-104.524364,CO,Pueblo,Baxter
81006,38.244574,-104.524364,CO,Pueblo,Blende
81006,38.244574,-104.524364,CO,Pueblo,Pueblo
81006,38.244574,-104.524364,CO,Pueblo,Vineland
81007,38.3466,-104.78886,CO,Pueblo,Pueblo
81007,38.3466,-104.78886,CO,Pueblo,Pueblo West
81008,38.327052,-104.62595,CO,Pueblo,Pinon
81008,38.327052,-104.62595,CO,Pueblo,Pueblo
81009,38.279229,-104.489956,CO,Pueblo,G P O
81009,38.279229,-104.489956,CO,Pueblo,Pueblo
81010,38.275773,-104.607888,CO,Pueblo,Colorado Lottery
81010,38.275773,-104.607888,CO,Pueblo,Pueblo
81011,38.276026,-104.610181,CO,Pueblo,Colorado Lottery
81011,38.276026,-104.610181,CO,Pueblo,Pueblo
81012,38.272962,-104.609114,CO,Pueblo,Colorado Lottery
81012,38.272962,-104.609114,CO,Pueblo,Pueblo
81019,37.943546,-104.846617,CO,Pueblo,Colo City
81019,37.943546,-104.846617,CO,Pueblo,Colorado City
81020,37.400582,-104.64219,CO,Las Animas,Aguilar
81021,38.390735,-103.369404,CO,Kiowa,Arlington
81022,38.179817,-104.390761,CO,Pueblo,Avondale
81022,38.179817,-104.390761,CO,Pueblo,Broadacre
81022,38.179817,-104.390761,CO,Pueblo,N Avondale
81022,38.179817,-104.390761,CO,Pueblo,North Avondale
81023,38.073947,-104.953614,CO,Pueblo,Beulah
81024,37.217437,-104.698315,CO,Las Animas,Boncarbo
81025,38.284292,-104.217474,CO,Pueblo,Boone
81027,37.132345,-103.773649,CO,Las Animas,Branson
81029,37.092964,-102.569773,CO,Baca,Campo
81030,38.108149,-103.506915,CO,Otero,Cheraw
81033,38.190478,-103.859733,CO,Crowley,Crowley
81034,38.19235,-103.856264,CO,Crowley,Ark Valley Corr Facl
81034,38.19235,-103.856264,CO,Crowley,Crowley
81036,38.463,-102.65286,CO,Kiowa,Brandon
81036,38.463,-102.65286,CO,Kiowa,Chivington
81036,38.463,-102.65286,CO,Kiowa,Eads
81038,37.910961,-103.098113,CO,Bent,Fort Lyon
81038,37.910961,-103.098113,CO,Bent,Ft Lyon
81039,38.123114,-104.018939,CO,Otero,Fowler
81040,37.786005,-105.182854,CO,Huerfano,Farisita
81040,37.786005,-105.182854,CO,Huerfano,Gardner
81041,37.913104,-102.348905,CO,Prowers,Barton
81041,37.913104,-102.348905,CO,Prowers,Granada
81041,37.913104,-102.348905,CO,Prowers,Koen
81043,38.088807,-102.169281,CO,Prowers,Hartman
81043,38.088807,-102.169281,CO,Prowers,Holly
81044,38.061389,-102.926667,CO,Bent,Caddoa
81044,38.061389,-102.926667,CO,Bent,Hasty
81044,38.061389,-102.926667,CO,Bent,John Martin Reservoir
81045,38.437686,-103.124591,CO,Kiowa,Haswell
81046,37.169175,-104.502607,CO,Las Animas,Hoehne
81047,37.982565,-102.140804,CO,Prowers,Bristol
81047,37.982565,-102.140804,CO,Prowers,Cheney Center
81047,37.982565,-102.140804,CO,Prowers,Hartman
81047,37.982565,-102.140804,CO,Prowers,Holly
81049,37.306177,-103.387984,CO,Las Animas,Kim
81049,37.306177,-103.387984,CO,Las Animas,Villegreen
81050,37.81822,-103.77405,CO,Otero,Bents Fort
81050,37.81822,-103.77405,CO,Otero,Bents Old Fort
81050,37.81822,-103.77405,CO,Otero,Fair View
81050,37.81822,-103.77405,CO,Otero,Fairmont
81050,37.81822,-103.77405,CO,Otero,Fort Bent
81050,37.81822,-103.77405,CO,Otero,Ft Bent
81050,37.81822,-103.77405,CO,Otero,La Junta
81050,37.81822,-103.77405,CO,Otero,North La Junta
81050,37.81822,-103.77405,CO,Otero,Roberta
81050,37.81822,-103.77405,CO,Otero,Timber Lake
81050,37.81822,-103.77405,CO,Otero,Timpas
81052,37.95864,-102.5787,CO,Prowers,Carlton
81052,37.95864,-102.5787,CO,Prowers,Kornman
81052,37.95864,-102.5787,CO,Prowers,Lamar
81052,37.95864,-102.5787,CO,Prowers,May Valley
81052,37.95864,-102.5787,CO,Prowers,Prowers
81052,37.95864,-102.5787,CO,Prowers,Shady Camp
81052,37.95864,-102.5787,CO,Prowers,West Farm
81054,38.047431,-103.208858,CO,Bent,Deora
81054,38.047431,-103.208858,CO,Bent,Fort Lyon
81054,38.047431,-103.208858,CO,Bent,Ft Lyon
81054,38.047431,-103.208858,CO,Bent,Las Animas
81054,38.047431,-103.208858,CO,Bent,Ninaview
81054,38.047431,-103.208858,CO,Bent,Toonerville
81055,37.46112,-105.03918,CO,Huerfano,Cuchara
81055,37.46112,-105.03918,CO,Huerfano,Indian Creek
81055,37.46112,-105.03918,CO,Huerfano,La Veta
81055,37.46112,-105.03918,CO,Huerfano,Ojo
81055,37.46112,-105.03918,CO,Huerfano,Wahatoya
81057,38.134649,-102.869788,CO,Bent,Lubers
81057,38.134649,-102.869788,CO,Bent,Mc Clave
81058,38.10462,-103.872321,CO,Otero,Manzanola
81059,37.498583,-104.151083,CO,Las Animas,Delhi
81059,37.498583,-104.151083,CO,Las Animas,Model
81059,37.498583,-104.151083,CO,Las Animas,Thatcher
81059,37.498583,-104.151083,CO,Las Animas,Tyrone
81062,38.212062,-103.937865,CO,Crowley,Olney Springs
81063,38.237711,-103.784046,CO,Crowley,Numa
81063,38.237711,-103.784046,CO,Crowley,Ordway
81063,38.237711,-103.784046,CO,Crowley,Punkin Center
81064,37.237984,-103.164023,CO,Baca,Pritchett
81064,37.237984,-103.164023,CO,Baca,Utleyville
81067,38.044708,-103.717601,CO,Otero,Hawley
81067,38.044708,-103.717601,CO,Otero,Rocky Ford
81067,38.044708,-103.717601,CO,Otero,Vroman
81069,37.927576,-104.902916,CO,Pueblo,Cedarwood
81069,37.927576,-104.902916,CO,Pueblo,Greenwood
81069,37.927576,-104.902916,CO,Pueblo,Lascar
81069,37.927576,-104.902916,CO,Pueblo,Rye
81069,37.927576,-104.902916,CO,Pueblo,San Isabel
81071,38.446999,-102.218718,CO,Kiowa,Brandon
81071,38.446999,-102.218718,CO,Kiowa,Sheridan Lake
81071,38.446999,-102.218718,CO,Kiowa,Towner
81073,37.397087,-102.621835,CO,Baca,Edler
81073,37.397087,-102.621835,CO,Baca,Maxey
81073,37.397087,-102.621835,CO,Baca,Springfield
81076,38.251787,-103.665519,CO,Crowley,Sugar City
81077,38.015209,-103.627743,CO,Otero,Swink
81081,37.012494,-103.883558,CO,Las Animas,Trinchera
81082,37.173925,-104.512742,CO,Las Animas,Beshoar Jct
81082,37.173925,-104.512742,CO,Las Animas,Cokedale
81082,37.173925,-104.512742,CO,Las Animas,El Moro
81082,37.173925,-104.512742,CO,Las Animas,Jansen
81082,37.173925,-104.512742,CO,Las Animas,Ludlow
81082,37.173925,-104.512742,CO,Las Animas,Pinon Canyon
81082,37.173925,-104.512742,CO,Las Animas,Segundo
81082,37.173925,-104.512742,CO,Las Animas,Sopris
81082,37.173925,-104.512742,CO,Las Animas,Starkville
81082,37.173925,-104.512742,CO,Las Animas,Trinidad
81084,37.693548,-102.354655,CO,Baca,Lycan
81084,37.693548,-102.354655,CO,Baca,Two Buttes
81087,37.389264,-102.435317,CO,Baca,Vilas
81089,37.61716,-104.817267,CO,Huerfano,Farisita
81089,37.61716,-104.817267,CO,Huerfano,Farista
81089,37.61716,-104.817267,CO,Huerfano,Mutual
81089,37.61716,-104.817267,CO,Huerfano,Pryor
81089,37.61716,-104.817267,CO,Huerfano,Toltec
81089,37.61716,-104.817267,CO,Huerfano,Walsenburg
81090,37.351772,-102.26043,CO,Baca,Stonington
81090,37.351772,-102.26043,CO,Baca,Walsh
81091,37.17456,-104.89554,CO,Las Animas,East Weston
81091,37.17456,-104.89554,CO,Las Animas,Monument Lake Park
81091,37.17456,-104.89554,CO,Las Animas,Monument Park
81091,37.17456,-104.89554,CO,Las Animas,Stonewall
81091,37.17456,-104.89554,CO,Las Animas,Tercio
81091,37.17456,-104.89554,CO,Las Animas,Torres Canon
81091,37.17456,-104.89554,CO,Las Animas,Vigil
81091,37.17456,-104.89554,CO,Las Animas,Weston
81092,38.158784,-102.71406,CO,Prowers,Big Bend
81092,38.158784,-102.71406,CO,Prowers,Wiley
81101,37.472954,-105.866537,CO,Alamosa,Alamosa
81101,37.472954,-105.866537,CO,Alamosa,Carmel
81101,37.472954,-105.866537,CO,Alamosa,East Alamosa
81101,37.472954,-105.866537,CO,Alamosa,Estrella
81101,37.472954,-105.866537,CO,Alamosa,Great Sand Dunes National Mo
81101,37.472954,-105.866537,CO,Alamosa,Henry
81101,37.472954,-105.866537,CO,Alamosa,Sand Dunes Mo
81101,37.472954,-105.866537,CO,Alamosa,Stanley
81101,37.472954,-105.866537,CO,Alamosa,Washington
81101,37.472954,-105.866537,CO,Alamosa,Waverly
81102,37.47193,-105.861118,CO,Alamosa,Adams State College
81102,37.47193,-105.861118,CO,Alamosa,Alamosa
81120,37.0731,-106.2468,CO,Conejos,Antonito
81120,37.0731,-106.2468,CO,Conejos,Espinoza
81120,37.0731,-106.2468,CO,Conejos,Florida
81120,37.0731,-106.2468,CO,Conejos,Fox Creek
81120,37.0731,-106.2468,CO,Conejos,La Isla
81120,37.0731,-106.2468,CO,Conejos,Las Mesitas
81120,37.0731,-106.2468,CO,Conejos,Lobatos
81120,37.0731,-106.2468,CO,Conejos,Los Pinas
81120,37.0731,-106.2468,CO,Conejos,Mogote
81120,37.0731,-106.2468,CO,Conejos,Ortiz
81120,37.0731,-106.2468,CO,Conejos,Paisaje
81120,37.0731,-106.2468,CO,Conejos,San Antonio
81120,37.0731,-106.2468,CO,Conejos,San Miguel
81120,37.0731,-106.2468,CO,Conejos,San Rafeal
81120,37.0731,-106.2468,CO,Conejos,Track City
81121,37.0267,-107.483555,CO,Archuleta,Arboles
81121,37.0267,-107.483555,CO,Archuleta,Navajo State Park
81121,37.0267,-107.483555,CO,Archuleta,Piedre Park
81122,37.31442,-107.61228,CO,La Plata,Bayfield
81122,37.31442,-107.61228,CO,La Plata,Gem Village
81122,37.31442,-107.61228,CO,La Plata,Vallecito
81123,37.431657,-105.523346,CO,Costilla,Blanca
81124,37.281746,-106.101224,CO,Conejos,Capulin
81125,37.779965,-106.09591,CO,Rio Grande,Center
81126,37.171408,-105.390972,CO,Costilla,Chama
81127,37.211158,-107.304183,CO,Archuleta,Chimney Rock
81127,37.211158,-107.304183,CO,Archuleta,Piedra
81128,37.038716,-106.843999,CO,Archuleta,Chromo
81129,37.174976,-105.940061,CO,Conejos,Conejos
81130,37.843042,-106.926914,CO,Mineral,Creede
81130,37.843042,-106.926914,CO,Mineral,Spar City
81131,37.992916,-105.700693,CO,Saguache,Crestone
81132,37.680294,-106.365099,CO,Rio Grande,Aqua Ramon
81132,37.680294,-106.365099,CO,Rio Grande,Baxterville
81132,37.680294,-106.365099,CO,Rio Grande,Del Norte
81132,37.680294,-106.365099,CO,Rio Grande,Freeman
81132,37.680294,-106.365099,CO,Rio Grande,Plaza
81132,37.680294,-106.365099,CO,Rio Grande,Summitville
81133,37.413562,-105.393706,CO,Costilla,Forbes Park
81133,37.413562,-105.393706,CO,Costilla,Fort Garland
81133,37.413562,-105.393706,CO,Costilla,Ft Garland
81133,37.413562,-105.393706,CO,Costilla,Sangre de Cri
81133,37.413562,-105.393706,CO,Costilla,Sangre de Cristo Ranches
81135,37.578239,-106.147242,CO,Rio Grande,Homelake
81135,37.578239,-106.147242,CO,Rio Grande,Monte Vista
81136,37.740979,-105.903868,CO,Alamosa,Hooper
81137,37.105788,-107.597693,CO,La Plata,Allison
81137,37.105788,-107.597693,CO,La Plata,Ignacio
81137,37.105788,-107.597693,CO,La Plata,Indian Agency
81137,37.105788,-107.597693,CO,La Plata,Oxford
81137,37.105788,-107.597693,CO,La Plata,S Ute Indian
81137,37.105788,-107.597693,CO,La Plata,So Ute Indian Res
81137,37.105788,-107.597693,CO,La Plata,Southern Ute Indian Reservat
81137,37.105788,-107.597693,CO,La Plata,Tiffany
81138,37.003263,-105.624634,CO,Costilla,Jaroso
81140,37.30896,-106.03524,CO,Conejos,Bountiful
81140,37.30896,-106.03524,CO,Conejos,La Jara
81140,37.30896,-106.03524,CO,Conejos,Morgan
81140,37.30896,-106.03524,CO,Conejos,Richfield
81141,37.173854,-105.934271,CO,Conejos,Manassa
81143,38.079015,-105.89452,CO,Saguache,Mirage
81143,38.079015,-105.89452,CO,Saguache,Moffat
81144,37.566562,-106.148089,CO,Rio Grande,Lariat
81144,37.566562,-106.148089,CO,Rio Grande,Maxeyville
81144,37.566562,-106.148089,CO,Rio Grande,Monte Vista
81144,37.566562,-106.148089,CO,Rio Grande,Sargents School
81146,37.648702,-105.700616,CO,Alamosa,Mosca
81147,37.256494,-107.086521,CO,Archuleta,Pagosa Lakes
81147,37.256494,-107.086521,CO,Archuleta,Pagosa Spgs
81147,37.256494,-107.086521,CO,Archuleta,Pagosa Springs
81148,37.173951,-105.983484,CO,Conejos,Romeo
81149,38.08143,-106.131788,CO,Saguache,Saguache
81151,37.265658,-105.84832,CO,Conejos,Lasauses
81151,37.265658,-105.84832,CO,Conejos,San Acacio
81151,37.265658,-105.84832,CO,Conejos,Sanford
81152,37.08138,-105.6225,CO,Costilla,Garcia
81152,37.08138,-105.6225,CO,Costilla,Mesita
81152,37.08138,-105.6225,CO,Costilla,San Luis
81152,37.08138,-105.6225,CO,Costilla,Wildhorse Mesa
81153,37.152598,-105.291448,CO,Costilla,El Rito
81153,37.152598,-105.291448,CO,Costilla,La Valley
81153,37.152598,-105.291448,CO,Costilla,Los Fuertes
81153,37.152598,-105.291448,CO,Costilla,San Francisco
81153,37.152598,-105.291448,CO,Costilla,San Pablo
81153,37.152598,-105.291448,CO,Costilla,San Pedro
81154,37.672402,-106.630824,CO,Rio Grande,Alpine
81154,37.672402,-106.630824,CO,Rio Grande,Masonic Park
81154,37.672402,-106.630824,CO,Rio Grande,South Fork
81154,37.672402,-106.630824,CO,Rio Grande,Wagon Wheel Gap
81155,38.248665,-106.081758,CO,Saguache,Bonanza City
81155,38.248665,-106.081758,CO,Saguache,Villa Grove
81157,37.268072,-107.088673,CO,Archuleta,Pagosa Spgs
81157,37.268072,-107.088673,CO,Archuleta,Pagosa Springs
81201,38.53398,-106.03878,CO,Chaffee,Cleora
81201,38.53398,-106.03878,CO,Chaffee,Maysville
81201,38.53398,-106.03878,CO,Chaffee,Salida
81201,38.53398,-106.03878,CO,Chaffee,Smeltertown
81201,38.53398,-106.03878,CO,Chaffee,Swissvale
81201,38.53398,-106.03878,CO,Chaffee,Turret
81201,38.53398,-106.03878,CO,Chaffee,Wellsville
81210,38.81454,-106.65996,CO,Gunnison,Almont
81210,38.81454,-106.65996,CO,Gunnison,Jacks Cabin
81210,38.81454,-106.65996,CO,Gunnison,Rainbow
81210,38.81454,-106.65996,CO,Gunnison,Spring Creek
81210,38.81454,-106.65996,CO,Gunnison,Taylor Park
81210,38.81454,-106.65996,CO,Gunnison,Tincup
81211,38.849213,-106.155646,CO,Chaffee,Buena Vista
81211,38.849213,-106.155646,CO,Chaffee,Johnson Village
81212,38.448695,-105.23279,CO,Fremont,Buckskin Joe
81212,38.448695,-105.23279,CO,Fremont,Canon City
81212,38.448695,-105.23279,CO,Fremont,Ilse
81212,38.448695,-105.23279,CO,Fremont,Parkdale
81212,38.448695,-105.23279,CO,Fremont,Penitentiary
81212,38.448695,-105.23279,CO,Fremont,Prospect Heights
81215,38.447689,-105.222893,CO,Fremont,Canon City
81220,38.320133,-107.454381,CO,Montrose,Cimarron
81221,38.361447,-105.148019,CO,Fremont,Coal Creek
81222,38.387714,-105.769656,CO,Fremont,Coaldale
81223,38.36298,-105.4956,CO,Fremont,Cotopaxi
81223,38.36298,-105.4956,CO,Fremont,Texas Creek
81224,38.860596,-106.956766,CO,Gunnison,Cement Creek
81224,38.860596,-106.956766,CO,Gunnison,Crested Butte
81225,38.900406,-106.965249,CO,Gunnison,Crested Butte
81225,38.900406,-106.965249,CO,Gunnison,Crested Butte So
81225,38.900406,-106.965249,CO,Gunnison,Meridian Lake
81225,38.900406,-106.965249,CO,Gunnison,Mount Crested Butte
81225,38.900406,-106.965249,CO,Gunnison,Mt Crested Butte
81225,38.900406,-106.965249,CO,Gunnison,Riverbend
81225,38.900406,-106.965249,CO,Gunnison,Skyland
81226,38.37006,-105.11976,CO,Fremont,Brewster
81226,38.37006,-105.11976,CO,Fremont,Florence
81226,38.37006,-105.11976,CO,Fremont,Portland
81226,38.37006,-105.11976,CO,Fremont,Williamsburg
81227,38.532188,-105.998639,CO,Chaffee,Monarch
81227,38.532188,-105.998639,CO,Chaffee,Salida
81228,39.045472,-106.262136,CO,Chaffee,Buena Vista
81228,39.045472,-106.262136,CO,Chaffee,Granite
81228,39.045472,-106.262136,CO,Chaffee,Twin Lakes
81230,38.45342,-106.60986,CO,Gunnison,Baldwin
81230,38.45342,-106.60986,CO,Gunnison,Doyleville
81230,38.45342,-106.60986,CO,Gunnison,Gunnison
81230,38.45342,-106.60986,CO,Gunnison,Iola
81230,38.45342,-106.60986,CO,Gunnison,Taylor Park
81231,38.548638,-106.918609,CO,Gunnison,Gunnison
81231,38.548638,-106.918609,CO,Gunnison,Western State College
81232,38.27188,-105.60746,CO,Fremont,Hillside
81233,38.426401,-105.833365,CO,Fremont,Howard
81235,38.023092,-107.316944,CO,Hinsdale,Lake City
81236,38.700006,-106.141598,CO,Chaffee,Alpine Village
81236,38.700006,-106.141598,CO,Chaffee,Iron City
81236,38.700006,-106.141598,CO,Chaffee,Mount Princeton
81236,38.700006,-106.141598,CO,Chaffee,Nathrop
81236,38.700006,-106.141598,CO,Chaffee,Saint Elmo
81237,38.579635,-106.579304,CO,Gunnison,Ohio City
81237,38.579635,-106.579304,CO,Gunnison,Parlin
81237,38.579635,-106.579304,CO,Gunnison,Salida
81239,38.505298,-106.636113,CO,Gunnison,Parlin
81240,38.431671,-105.009121,CO,Fremont,Penrose
81241,38.609178,-106.515547,CO,Gunnison,Pitkin
81242,38.514511,-106.074083,CO,Chaffee,Poncha Spgs
81242,38.514511,-106.074083,CO,Chaffee,Poncha Springs
81243,38.268871,-107.190705,CO,Gunnison,Powderhorn
81244,38.367179,-105.165393,CO,Fremont,Rockvale
81247,38.490794,-107.07547,CO,Gunnison,Gunnison
81247,38.490794,-107.07547,CO,Gunnison,Sapinero
81247,38.490794,-107.07547,CO,Gunnison,Windy Point
81248,38.539419,-106.395042,CO,Saguache,Sargents
81248,38.539419,-106.395042,CO,Saguache,White Pine
81251,39.07122,-106.44852,CO,Lake,Buena Vista
81251,39.07122,-106.44852,CO,Lake,Twin Lakes
81252,38.114881,-105.429189,CO,Custer,Horn Creek
81252,38.114881,-105.429189,CO,Custer,Rosita
81252,38.114881,-105.429189,CO,Custer,Silver Cliff
81252,38.114881,-105.429189,CO,Custer,Tanglewood Acres
81252,38.114881,-105.429189,CO,Custer,Westcliffe
81253,38.178706,-105.106327,CO,Custer,Greenwood
81253,38.178706,-105.106327,CO,Custer,Wetmore
81290,38.388104,-105.118653,CO,Fremont,Federal Correctional Complex
81290,38.388104,-105.118653,CO,Fremont,Florence
81301,37.32684,-107.83146,CO,La Plata,College Heights Durango
81301,37.32684,-107.83146,CO,La Plata,Durango
81301,37.32684,-107.83146,CO,La Plata,Hermosa
81301,37.32684,-107.83146,CO,La Plata,Purgatory
81301,37.32684,-107.83146,CO,La Plata,Tamarron
81302,37.313813,-107.877231,CO,La Plata,Durango
81303,37.275776,-107.876808,CO,La Plata,Durango
81320,37.692194,-108.757665,CO,Dolores,Cahone
81321,37.347,-108.73632,CO,Montezuma,Arriola
81321,37.347,-108.73632,CO,Montezuma,Cortez
81321,37.347,-108.73632,CO,Montezuma,Hovenweep National Monument
81323,37.45541,-108.516324,CO,Montezuma,Dolores
81323,37.45541,-108.516324,CO,Montezuma,Dunton
81323,37.45541,-108.516324,CO,Montezuma,Stoner
81324,37.765803,-108.904715,CO,Dolores,Dove Creek
81324,37.765803,-108.904715,CO,Dolores,Squaw Point
81325,37.91,-108.93,CO,San Miguel,Egnar
81325,37.91,-108.93,CO,San Miguel,Slick Rock
81326,37.215884,-108.087279,CO,La Plata,Breen
81326,37.215884,-108.087279,CO,La Plata,Hesperus
81326,37.215884,-108.087279,CO,La Plata,Kline
81326,37.215884,-108.087279,CO,La Plata,Redmesa
81327,37.498381,-108.671871,CO,Montezuma,Lewis
81328,37.369314,-108.348608,CO,Montezuma,Mancos
81329,37.113282,-108.124637,CO,La Plata,Marvel
81330,37.297111,-108.420076,CO,Montezuma,Mesa Verde
81330,37.297111,-108.420076,CO,Montezuma,Mesa Verde National Park
81331,37.551903,-108.804936,CO,Montezuma,Pleasant View
81332,37.68701,-108.030947,CO,Dolores,Rico
81334,37.191688,-108.741033,CO,Montezuma,Towaoc
81334,37.191688,-108.741033,CO,Montezuma,Ute Mountain Indian Reservat
81335,37.497977,-108.773677,CO,Montezuma,Yellow Jacket
81401,38.412,-107.8629,CO,Montrose,Colona
81401,38.412,-107.8629,CO,Montrose,Montrose
81402,38.484963,-107.838023,CO,Montrose,Montrose
81410,38.792114,-107.97251,CO,Delta,Austin
81410,38.792114,-107.97251,CO,Delta,Orchard City
81411,38.334387,-108.885548,CO,Montrose,Bedrock
81413,38.9571,-107.91396,CO,Delta,Cedaredge
81413,38.9571,-107.91396,CO,Delta,Coalby
81413,38.9571,-107.91396,CO,Delta,Grand Mesa
81414,38.788359,-107.986539,CO,Delta,Cory
81414,38.788359,-107.986539,CO,Delta,Orchard City
81415,38.710743,-107.615416,CO,Delta,Crawford
81415,38.710743,-107.615416,CO,Delta,Maher
81416,38.740747,-108.05012,CO,Delta,Delta
81418,38.852404,-107.967183,CO,Delta,Eckert
81418,38.852404,-107.967183,CO,Delta,Orchard City
81419,38.817069,-107.748719,CO,Delta,Hotchkiss
81419,38.817069,-107.748719,CO,Delta,Rogers Mesa
81420,38.776803,-107.781887,CO,Delta,Lazear
81422,38.230861,-108.586113,CO,Montrose,Naturita
81423,38.125191,-108.27958,CO,San Miguel,Norwood
81424,38.265437,-108.553494,CO,Montrose,Nucla
81425,38.602831,-107.999572,CO,Montrose,Olathe
81426,37.862652,-107.874103,CO,San Miguel,Ophir
81427,38.058846,-107.70159,CO,Ouray,Ouray
81427,38.058846,-107.70159,CO,Ouray,Red Mountain
81428,38.8953,-107.58798,CO,Delta,Bowie
81428,38.8953,-107.58798,CO,Delta,Paonia
81429,38.365643,-108.96368,CO,Montrose,Paradox
81430,38.040148,-108.064432,CO,San Miguel,Placerville
81430,38.040148,-108.064432,CO,San Miguel,Sawpit
81431,38.189865,-108.42643,CO,Montrose,Redvale
81432,38.158922,-107.749219,CO,Ouray,Ridgway
81433,37.811743,-107.664195,CO,San Juan,Silverton
81434,38.96381,-107.296606,CO,Gunnison,Bear Mine
81434,38.96381,-107.296606,CO,Gunnison,Somerset
81435,37.979875,-107.941486,CO,San Miguel,Mountain Village
81435,37.979875,-107.941486,CO,San Miguel,Mountain Vlg
81435,37.979875,-107.941486,CO,San Miguel,Pandora
81435,37.979875,-107.941486,CO,San Miguel,Sawpit
81435,37.979875,-107.941486,CO,San Miguel,Telluride
81501,39.080461,-108.541256,CO,Mesa,Grand Jct
81501,39.080461,-108.541256,CO,Mesa,Grand Junction
81502,39.074393,-108.631686,CO,Mesa,Grand Jct
81502,39.074393,-108.631686,CO,Mesa,Grand Junction
81503,39.039,-108.496612,CO,Mesa,Grand Jct
81503,39.039,-108.496612,CO,Mesa,Grand Junction
81504,39.083097,-108.486204,CO,Mesa,Fruitvale
81504,39.083097,-108.486204,CO,Mesa,Grand Jct
81504,39.083097,-108.486204,CO,Mesa,Grand Junction
81505,39.107861,-108.607362,CO,Mesa,Appleton
81505,39.107861,-108.607362,CO,Mesa,Grand Jct
81505,39.107861,-108.607362,CO,Mesa,Grand Junction
81506,39.105108,-108.548046,CO,Mesa,Grand Jct
81506,39.105108,-108.548046,CO,Mesa,Grand Junction
81520,39.085313,-108.445806,CO,Mesa,Clifton
81521,39.165497,-108.720895,CO,Mesa,Colorado National Monument
81521,39.165497,-108.720895,CO,Mesa,Fruita
81522,38.788558,-108.7465,CO,Mesa,Gateway
81523,38.997277,-108.740054,CO,Mesa,Glade Park
81524,39.227527,-108.800442,CO,Mesa,Loma
81525,39.23637,-108.849029,CO,Mesa,Mack
81525,39.23637,-108.849029,CO,Mesa,New Liberty
81526,39.097318,-108.363606,CO,Mesa,East Orchard Mesa
81526,39.097318,-108.363606,CO,Mesa,Palisade
81527,38.958952,-108.364465,CO,Mesa,Whitewater
81601,39.528426,-107.338503,CO,Garfield,Cardiff
81601,39.528426,-107.338503,CO,Garfield,Glenwood
81601,39.528426,-107.338503,CO,Garfield,Glenwood Spgs
81601,39.528426,-107.338503,CO,Garfield,Glenwood Springs
81601,39.528426,-107.338503,CO,Garfield,No Name
81601,39.528426,-107.338503,CO,Garfield,West Glenwood
81602,39.494181,-107.328253,CO,Garfield,Glenwood
81602,39.494181,-107.328253,CO,Garfield,Glenwood Spgs
81602,39.494181,-107.328253,CO,Garfield,Glenwood Springs
81610,40.334596,-108.822045,CO,Moffat,Blue Mountain
81610,40.334596,-108.822045,CO,Moffat,Dinosaur
81610,40.334596,-108.822045,CO,Moffat,Massadona
81611,39.194434,-106.826452,CO,Pitkin,Aspen
81611,39.194434,-106.826452,CO,Pitkin,Aspen-Gerbaz
81612,39.207734,-106.85082,CO,Pitkin,Aspen
81615,39.209019,-106.93613,CO,Pitkin,Snowmass Village
81615,39.209019,-106.93613,CO,Pitkin,Snowmass Vlg
81615,39.209019,-106.93613,CO,Pitkin,West Village
81620,39.63132,-106.5216,CO,Eagle,Avon
81620,39.63132,-106.5216,CO,Eagle,Beaver Creek
81621,39.375819,-106.992926,CO,Eagle,Basalt
81621,39.375819,-106.992926,CO,Eagle,Ruedi
81623,39.416703,-107.189562,CO,Garfield,Carbondale
81623,39.416703,-107.189562,CO,Garfield,Crystal
81623,39.416703,-107.189562,CO,Garfield,El Jebel
81623,39.416703,-107.189562,CO,Garfield,Marble
81623,39.416703,-107.189562,CO,Garfield,Redstone
81624,39.237222,-107.981111,CO,Mesa,Collbran
81624,39.237222,-107.981111,CO,Mesa,Plateau City
81625,40.548784,-107.564262,CO,Moffat,Craig
81625,40.548784,-107.564262,CO,Moffat,Lay
81626,40.562311,-107.571271,CO,Moffat,Craig
81630,39.33121,-108.216061,CO,Mesa,De Beque
81631,39.646581,-106.837237,CO,Eagle,Eagle
81632,39.642795,-106.607621,CO,Eagle,Cordillera
81632,39.642795,-106.607621,CO,Eagle,Edwards
81633,40.314931,-108.350141,CO,Moffat,Dinosaur
81633,40.314931,-108.350141,CO,Moffat,Elk Springs
81635,39.460598,-108.009596,CO,Garfield,Battlement Mesa
81635,39.460598,-108.009596,CO,Garfield,Btlmt Mesa
81635,39.460598,-108.009596,CO,Garfield,Grand Valley
81635,39.460598,-108.009596,CO,Garfield,Parachute
81635,39.460598,-108.009596,CO,Garfield,Rulison
81636,39.43865,-108.025498,CO,Garfield,Battlement Mesa
81636,39.43865,-108.025498,CO,Garfield,Btlmt Mesa
81636,39.43865,-108.025498,CO,Garfield,Parachute
81637,39.633376,-106.954148,CO,Eagle,Dotsero
81637,39.633376,-106.954148,CO,Eagle,Gypsum
81637,39.633376,-106.954148,CO,Eagle,Sweetwater
81638,40.331158,-107.548854,CO,Moffat,Hamilton
81638,40.331158,-107.548854,CO,Moffat,Pagoda
81639,40.485154,-107.270273,CO,Routt,Hayden
81640,40.530669,-108.14321,CO,Moffat,Browns Park
81640,40.530669,-108.14321,CO,Moffat,Greystone
81640,40.530669,-108.14321,CO,Moffat,Maybell
81641,40.045459,-107.946922,CO,Rio Blanco,Axel
81641,40.045459,-107.946922,CO,Rio Blanco,Buford
81641,40.045459,-107.946922,CO,Rio Blanco,Meeker
81642,39.343479,-106.678875,CO,Pitkin,Meredith
81642,39.343479,-106.678875,CO,Pitkin,Nast
81642,39.343479,-106.678875,CO,Pitkin,Norrie
81643,39.147763,-108.131264,CO,Mesa,Mesa
81645,39.570257,-106.418899,CO,Eagle,Gilman
81645,39.570257,-106.418899,CO,Eagle,Minturn
81646,39.189509,-108.061834,CO,Mesa,Molina
81647,39.559479,-107.545886,CO,Garfield,New Castle
81648,40.090824,-108.80079,CO,Rio Blanco,Rangely
81649,39.486718,-106.376152,CO,Eagle,Red Cliff
81650,39.540153,-107.790633,CO,Garfield,Antlers
81650,39.540153,-107.790633,CO,Garfield,Rifle
81650,39.540153,-107.790633,CO,Garfield,Rio Blanco
81650,39.540153,-107.790633,CO,Garfield,Rulison
81652,39.506975,-107.653558,CO,Garfield,Silt
81653,40.914059,-107.505659,CO,Moffat,Slater
81654,39.286141,-106.979196,CO,Pitkin,Old Snowmass
81654,39.286141,-106.979196,CO,Pitkin,Snowmass
81655,39.683061,-106.673851,CO,Eagle,Wolcott
81656,39.269418,-106.863474,CO,Pitkin,Woody Creek
81657,39.65022,-106.36074,CO,Eagle,East Vail
81657,39.65022,-106.36074,CO,Eagle,Vail
81657,39.65022,-106.36074,CO,Eagle,West Vail
81658,39.621866,-106.500236,CO,Eagle,Vail
